"[[0, 0, 0, 0, 0], [0, 0, 0, 0, 0], [0, 0, 0, 0, 0], [0, 0, 0, 0, 0], [0, 0, 0, 0, 0]]","[[1, 0, 0, 0, 0], [0, 0, 0, 0, 0], [0, 0, 0, 0, 0], [0, 0, 0, 0, 0], [0, 0, 0, 0, 0]]",1,['scan_command'],04008190-ffb2-4b7d-ab3e-062b5afc6c33
"[[1, 0, 0, 0, 0], [0, 0, 0, 0, 0], [0, 0, 0, 0, 0], [0, 0, 0, 0, 0], [0, 0, 0, 0, 0]]","[[1, 0, 0, 0, 0], [0, 0, 0, 0, 0], [0, 0, 0, 0, 0], [0, 0, 0, 0, 0], [0, 0, 0, 0, 0]]",2,[],04008190-ffb2-4b7d-ab3e-062b5afc6c33
"[[1, 0, 0, 0, 0], [0, 0, 0, 0, 0], [0, 0, 0, 0, 0], [0, 0, 0, 0, 0], [0, 0, 0, 0, 0]]","[[1, 1, 0, 0, 0], [0, 0, 0, 0, 0], [0, 0, 0, 0, 0], [0, 0, 0, 0, 0], [0, 0, 0, 0, 0]]",1,['use_command'],04008190-ffb2-4b7d-ab3e-062b5afc6c33
"[[1, 1, 0, 0, 0], [0, 0, 0, 0, 0], [0, 0, 0, 0, 0], [0, 0, 0, 0, 0], [0, 0, 0, 0, 0]]","[[1, 1, 2, 0, 0], [0, 0, 0, 0, 0], [0, 0, 0, 0, 0], [0, 0, 0, 0, 0], [0, 0, 0, 0, 0]]",2,['kill_process_command'],04008190-ffb2-4b7d-ab3e-062b5afc6c33
"[[1, 1, 2, 0, 0], [0, 0, 0, 0, 0], [0, 0, 0, 0, 0], [0, 0, 0, 0, 0], [0, 0, 0, 0, 0]]","[[1, 1, 2, 1, 0], [0, 0, 0, 0, 0], [0, 0, 0, 0, 0], [0, 0, 0, 0, 0], [0, 0, 0, 0, 0]]",1,['nop_command'],04008190-ffb2-4b7d-ab3e-062b5afc6c33
"[[1, 1, 2, 1, 0], [0, 0, 0, 0, 0], [0, 0, 0, 0, 0], [0, 0, 0, 0, 0], [0, 0, 0, 0, 0]]","[[1, 1, 2, 1, 0], [0, 0, 0, 0, 0], [0, 0, 0, 0, 0], [0, 0, 0, 0, 0], [0, 0, 0, 0, 0]]",2,[],04008190-ffb2-4b7d-ab3e-062b5afc6c33
"[[1, 1, 2, 1, 0], [0, 0, 0, 0, 0], [0, 0, 0, 0, 0], [0, 0, 0, 0, 0], [0, 0, 0, 0, 0]]","[[1, 1, 2, 1, 1], [0, 0, 0, 0, 0], [0, 0, 0, 0, 0], [0, 0, 0, 0, 0], [0, 0, 0, 0, 0]]",1,['use_command'],04008190-ffb2-4b7d-ab3e-062b5afc6c33
"[[1, 1, 2, 1, 1], [0, 0, 0, 0, 0], [0, 0, 0, 0, 0], [0, 0, 0, 0, 0], [0, 0, 0, 0, 0]]","[[1, 1, 2, 1, 1], [0, 0, 0, 0, 0], [0, 0, 0, 0, 0], [0, 0, 0, 0, 0], [0, 0, 0, 0, 0]]",2,[],04008190-ffb2-4b7d-ab3e-062b5afc6c33
"[[1, 1, 2, 1, 1], [0, 0, 0, 0, 0], [0, 0, 0, 0, 0], [0, 0, 0, 0, 0], [0, 0, 0, 0, 0]]","[[1, 1, 2, 1, 1], [0, 0, 0, 0, 0], [0, 0, 0, 0, 0], [0, 0, 0, 0, 0], [0, 0, 0, 0, 0]]",1,[],04008190-ffb2-4b7d-ab3e-062b5afc6c33
"[[1, 1, 2, 1, 1], [0, 0, 0, 0, 0], [0, 0, 0, 0, 0], [0, 0, 0, 0, 0], [0, 0, 0, 0, 0]]","[[1, 1, 2, 1, 1], [0, 0, 0, 0, 0], [0, 0, 0, 0, 0], [0, 0, 0, 0, 0], [0, 0, 0, 0, 0]]",2,[],04008190-ffb2-4b7d-ab3e-062b5afc6c33
"[[1, 1, 2, 1, 1], [0, 0, 0, 0, 0], [0, 0, 0, 0, 0], [0, 0, 0, 0, 0], [0, 0, 0, 0, 0]]","[[1, 1, 2, 1, 1], [0, 0, 0, 0, 0], [0, 0, 0, 0, 0], [0, 0, 0, 0, 0], [0, 0, 0, 0, 0]]",1,[],04008190-ffb2-4b7d-ab3e-062b5afc6c33
"[[1, 1, 2, 1, 1], [0, 0, 0, 0, 0], [0, 0, 0, 0, 0], [0, 0, 0, 0, 0], [0, 0, 0, 0, 0]]","[[1, 1, 2, 1, 1], [0, 0, 0, 0, 0], [0, 0, 0, 0, 0], [0, 0, 0, 0, 0], [0, 0, 0, 0, 0]]",2,[],04008190-ffb2-4b7d-ab3e-062b5afc6c33
"[[1, 1, 2, 1, 1], [0, 0, 0, 0, 0], [0, 0, 0, 0, 0], [0, 0, 0, 0, 0], [0, 0, 0, 0, 0]]","[[1, 1, 2, 1, 1], [0, 0, 0, 0, 0], [0, 0, 0, 0, 0], [0, 0, 0, 0, 0], [0, 0, 0, 0, 0]]",1,[],04008190-ffb2-4b7d-ab3e-062b5afc6c33
"[[1, 1, 2, 1, 1], [0, 0, 0, 0, 0], [0, 0, 0, 0, 0], [0, 0, 0, 0, 0], [0, 0, 0, 0, 0]]","[[1, 1, 2, 1, 1], [0, 0, 0, 0, 0], [0, 0, 0, 0, 0], [0, 0, 0, 0, 0], [0, 0, 0, 0, 0]]",2,[],04008190-ffb2-4b7d-ab3e-062b5afc6c33
"[[1, 1, 2, 1, 1], [0, 0, 0, 0, 0], [0, 0, 0, 0, 0], [0, 0, 0, 0, 0], [0, 0, 0, 0, 0]]","[[1, 1, 2, 1, 1], [0, 0, 0, 0, 0], [0, 0, 0, 0, 0], [0, 0, 0, 0, 0], [0, 0, 0, 0, 0]]",1,[],04008190-ffb2-4b7d-ab3e-062b5afc6c33
"[[1, 1, 2, 1, 1], [0, 0, 0, 0, 0], [0, 0, 0, 0, 0], [0, 0, 0, 0, 0], [0, 0, 0, 0, 0]]","[[1, 1, 2, 1, 1], [2, 0, 0, 0, 0], [0, 0, 0, 0, 0], [0, 0, 0, 0, 0], [0, 0, 0, 0, 0]]",2,['nop_command'],04008190-ffb2-4b7d-ab3e-062b5afc6c33
"[[1, 1, 2, 1, 1], [2, 0, 0, 0, 0], [0, 0, 0, 0, 0], [0, 0, 0, 0, 0], [0, 0, 0, 0, 0]]","[[1, 1, 2, 1, 1], [2, 1, 0, 0, 0], [0, 0, 0, 0, 0], [0, 0, 0, 0, 0], [0, 0, 0, 0, 0]]",1,['nop_command'],04008190-ffb2-4b7d-ab3e-062b5afc6c33
"[[1, 1, 2, 1, 1], [2, 1, 0, 0, 0], [0, 0, 0, 0, 0], [0, 0, 0, 0, 0], [0, 0, 0, 0, 0]]","[[1, 1, 2, 1, 1], [2, 1, 0, 0, 0], [0, 0, 0, 0, 0], [0, 0, 0, 0, 0], [0, 0, 0, 0, 0]]",2,[],04008190-ffb2-4b7d-ab3e-062b5afc6c33
"[[1, 1, 2, 1, 1], [2, 1, 0, 0, 0], [0, 0, 0, 0, 0], [0, 0, 0, 0, 0], [0, 0, 0, 0, 0]]","[[1, 1, 2, 1, 1], [2, 1, 0, 0, 0], [0, 0, 0, 0, 0], [0, 0, 0, 0, 0], [0, 0, 0, 0, 0]]",1,[],04008190-ffb2-4b7d-ab3e-062b5afc6c33
"[[1, 1, 2, 1, 1], [2, 1, 0, 0, 0], [0, 0, 0, 0, 0], [0, 0, 0, 0, 0], [0, 0, 0, 0, 0]]","[[1, 1, 2, 1, 1], [2, 1, 0, 0, 0], [0, 0, 0, 0, 0], [0, 0, 0, 0, 0], [0, 0, 0, 0, 0]]",2,[],04008190-ffb2-4b7d-ab3e-062b5afc6c33
"[[1, 1, 2, 1, 1], [2, 1, 0, 0, 0], [0, 0, 0, 0, 0], [0, 0, 0, 0, 0], [0, 0, 0, 0, 0]]","[[1, 1, 2, 1, 1], [2, 1, 0, 0, 0], [0, 0, 0, 0, 0], [0, 0, 0, 0, 0], [0, 0, 0, 0, 0]]",1,[],04008190-ffb2-4b7d-ab3e-062b5afc6c33
"[[1, 1, 2, 1, 1], [2, 1, 0, 0, 0], [0, 0, 0, 0, 0], [0, 0, 0, 0, 0], [0, 0, 0, 0, 0]]","[[1, 1, 2, 1, 1], [2, 1, 0, 0, 0], [0, 0, 0, 0, 0], [0, 0, 0, 0, 0], [0, 0, 0, 0, 0]]",2,[],04008190-ffb2-4b7d-ab3e-062b5afc6c33
"[[1, 1, 2, 1, 1], [2, 1, 0, 0, 0], [0, 0, 0, 0, 0], [0, 0, 0, 0, 0], [0, 0, 0, 0, 0]]","[[1, 1, 2, 1, 1], [2, 1, 0, 0, 0], [0, 0, 0, 0, 0], [0, 0, 0, 0, 0], [0, 0, 0, 0, 0]]",1,[],04008190-ffb2-4b7d-ab3e-062b5afc6c33
"[[1, 1, 2, 1, 1], [2, 1, 0, 0, 0], [0, 0, 0, 0, 0], [0, 0, 0, 0, 0], [0, 0, 0, 0, 0]]","[[1, 1, 2, 1, 1], [2, 1, 2, 0, 0], [0, 0, 0, 0, 0], [0, 0, 0, 0, 0], [0, 0, 0, 0, 0]]",2,['nop_command'],04008190-ffb2-4b7d-ab3e-062b5afc6c33
"[[1, 1, 2, 1, 1], [2, 1, 2, 0, 0], [0, 0, 0, 0, 0], [0, 0, 0, 0, 0], [0, 0, 0, 0, 0]]","[[1, 1, 2, 1, 1], [2, 1, 2, 0, 0], [0, 0, 0, 0, 0], [0, 0, 0, 0, 0], [0, 0, 0, 0, 0]]",1,[],04008190-ffb2-4b7d-ab3e-062b5afc6c33
"[[1, 1, 2, 1, 1], [2, 1, 2, 0, 0], [0, 0, 0, 0, 0], [0, 0, 0, 0, 0], [0, 0, 0, 0, 0]]","[[1, 1, 2, 1, 1], [2, 1, 2, 0, 0], [0, 0, 0, 0, 0], [0, 0, 0, 0, 0], [0, 0, 0, 0, 0]]",2,[],04008190-ffb2-4b7d-ab3e-062b5afc6c33
"[[1, 1, 2, 1, 1], [2, 1, 2, 0, 0], [0, 0, 0, 0, 0], [0, 0, 0, 0, 0], [0, 0, 0, 0, 0]]","[[1, 1, 2, 1, 1], [2, 1, 2, 0, 0], [0, 0, 1, 0, 0], [0, 0, 0, 0, 0], [0, 0, 0, 0, 0]]",1,['set_command'],04008190-ffb2-4b7d-ab3e-062b5afc6c33
"[[1, 1, 2, 1, 1], [2, 1, 2, 0, 0], [0, 0, 1, 0, 0], [0, 0, 0, 0, 0], [0, 0, 0, 0, 0]]","[[1, 1, 2, 1, 1], [2, 1, 2, 0, 0], [0, 0, 1, 0, 0], [0, 0, 0, 0, 0], [0, 0, 0, 0, 0]]",2,[],04008190-ffb2-4b7d-ab3e-062b5afc6c33
"[[1, 1, 2, 1, 1], [2, 1, 2, 0, 0], [0, 0, 1, 0, 0], [0, 0, 0, 0, 0], [0, 0, 0, 0, 0]]","[[1, 1, 2, 1, 1], [2, 1, 2, 0, 0], [0, 0, 1, 0, 0], [0, 0, 0, 1, 0], [0, 0, 0, 0, 0]]",1,['exploit_command'],04008190-ffb2-4b7d-ab3e-062b5afc6c33
"[[0, 0, 0, 0, 0], [0, 0, 0, 0, 0], [0, 0, 0, 0, 0], [0, 0, 0, 0, 0], [0, 0, 0, 0, 0]]","[[0, 0, 0, 0, 0], [0, 0, 0, 0, 0], [0, 0, 0, 0, 0], [0, 0, 0, 0, 0], [0, 0, 0, 0, 0]]",1,[],b602d526-e6e6-4241-becf-c152373668f1
"[[0, 0, 0, 0, 0], [0, 0, 0, 0, 0], [0, 0, 0, 0, 0], [0, 0, 0, 0, 0], [0, 0, 0, 0, 0]]","[[2, 0, 0, 0, 0], [0, 0, 0, 0, 0], [0, 0, 0, 0, 0], [0, 0, 0, 0, 0], [0, 0, 0, 0, 0]]",2,['nop_command'],b602d526-e6e6-4241-becf-c152373668f1
"[[2, 0, 0, 0, 0], [0, 0, 0, 0, 0], [0, 0, 0, 0, 0], [0, 0, 0, 0, 0], [0, 0, 0, 0, 0]]","[[2, 0, 0, 0, 0], [0, 0, 0, 0, 0], [0, 0, 0, 0, 0], [0, 0, 0, 0, 0], [0, 0, 0, 0, 0]]",1,[],b602d526-e6e6-4241-becf-c152373668f1
"[[2, 0, 0, 0, 0], [0, 0, 0, 0, 0], [0, 0, 0, 0, 0], [0, 0, 0, 0, 0], [0, 0, 0, 0, 0]]","[[2, 0, 0, 0, 0], [0, 0, 0, 0, 0], [0, 0, 0, 0, 0], [0, 0, 0, 0, 0], [0, 0, 0, 0, 0]]",2,[],b602d526-e6e6-4241-becf-c152373668f1
"[[2, 0, 0, 0, 0], [0, 0, 0, 0, 0], [0, 0, 0, 0, 0], [0, 0, 0, 0, 0], [0, 0, 0, 0, 0]]","[[2, 1, 0, 0, 0], [0, 0, 0, 0, 0], [0, 0, 0, 0, 0], [0, 0, 0, 0, 0], [0, 0, 0, 0, 0]]",1,['scan_command'],b602d526-e6e6-4241-becf-c152373668f1
"[[2, 1, 0, 0, 0], [0, 0, 0, 0, 0], [0, 0, 0, 0, 0], [0, 0, 0, 0, 0], [0, 0, 0, 0, 0]]","[[2, 1, 2, 0, 0], [0, 0, 0, 0, 0], [0, 0, 0, 0, 0], [0, 0, 0, 0, 0], [0, 0, 0, 0, 0]]",2,['nop_command'],b602d526-e6e6-4241-becf-c152373668f1
"[[2, 1, 2, 0, 0], [0, 0, 0, 0, 0], [0, 0, 0, 0, 0], [0, 0, 0, 0, 0], [0, 0, 0, 0, 0]]","[[2, 1, 2, 1, 0], [0, 0, 0, 0, 0], [0, 0, 0, 0, 0], [0, 0, 0, 0, 0], [0, 0, 0, 0, 0]]",1,['nop_command'],b602d526-e6e6-4241-becf-c152373668f1
"[[2, 1, 2, 1, 0], [0, 0, 0, 0, 0], [0, 0, 0, 0, 0], [0, 0, 0, 0, 0], [0, 0, 0, 0, 0]]","[[2, 1, 2, 1, 0], [0, 0, 0, 0, 0], [0, 0, 0, 0, 0], [0, 0, 0, 0, 0], [0, 0, 0, 0, 0]]",2,[],b602d526-e6e6-4241-becf-c152373668f1
"[[2, 1, 2, 1, 0], [0, 0, 0, 0, 0], [0, 0, 0, 0, 0], [0, 0, 0, 0, 0], [0, 0, 0, 0, 0]]","[[2, 1, 2, 1, 1], [0, 0, 0, 0, 0], [0, 0, 0, 0, 0], [0, 0, 0, 0, 0], [0, 0, 0, 0, 0]]",1,['use_command'],b602d526-e6e6-4241-becf-c152373668f1
"[[2, 1, 2, 1, 1], [0, 0, 0, 0, 0], [0, 0, 0, 0, 0], [0, 0, 0, 0, 0], [0, 0, 0, 0, 0]]","[[2, 1, 2, 1, 1], [0, 0, 0, 0, 0], [0, 0, 0, 0, 0], [0, 0, 0, 0, 0], [0, 0, 0, 0, 0]]",2,[],b602d526-e6e6-4241-becf-c152373668f1
"[[2, 1, 2, 1, 1], [0, 0, 0, 0, 0], [0, 0, 0, 0, 0], [0, 0, 0, 0, 0], [0, 0, 0, 0, 0]]","[[2, 1, 2, 1, 1], [1, 0, 0, 0, 0], [0, 0, 0, 0, 0], [0, 0, 0, 0, 0], [0, 0, 0, 0, 0]]",1,['nop_command'],b602d526-e6e6-4241-becf-c152373668f1
"[[2, 1, 2, 1, 1], [1, 0, 0, 0, 0], [0, 0, 0, 0, 0], [0, 0, 0, 0, 0], [0, 0, 0, 0, 0]]","[[2, 1, 2, 1, 1], [1, 2, 0, 0, 0], [0, 0, 0, 0, 0], [0, 0, 0, 0, 0], [0, 0, 0, 0, 0]]",2,['nop_command'],b602d526-e6e6-4241-becf-c152373668f1
"[[2, 1, 2, 1, 1], [1, 2, 0, 0, 0], [0, 0, 0, 0, 0], [0, 0, 0, 0, 0], [0, 0, 0, 0, 0]]","[[2, 1, 2, 1, 1], [1, 2, 0, 0, 0], [0, 0, 0, 0, 0], [0, 0, 0, 0, 0], [0, 0, 0, 0, 0]]",1,[],b602d526-e6e6-4241-becf-c152373668f1
"[[2, 1, 2, 1, 1], [1, 2, 0, 0, 0], [0, 0, 0, 0, 0], [0, 0, 0, 0, 0], [0, 0, 0, 0, 0]]","[[2, 1, 2, 1, 1], [1, 2, 0, 0, 0], [0, 0, 0, 0, 0], [0, 0, 0, 0, 0], [0, 0, 0, 0, 0]]",2,[],b602d526-e6e6-4241-becf-c152373668f1
"[[2, 1, 2, 1, 1], [1, 2, 0, 0, 0], [0, 0, 0, 0, 0], [0, 0, 0, 0, 0], [0, 0, 0, 0, 0]]","[[2, 1, 2, 1, 1], [1, 2, 0, 0, 0], [0, 0, 0, 0, 0], [0, 0, 0, 0, 0], [0, 0, 0, 0, 0]]",1,[],b602d526-e6e6-4241-becf-c152373668f1
"[[2, 1, 2, 1, 1], [1, 2, 0, 0, 0], [0, 0, 0, 0, 0], [0, 0, 0, 0, 0], [0, 0, 0, 0, 0]]","[[2, 1, 2, 1, 1], [1, 2, 0, 0, 0], [0, 0, 0, 0, 0], [0, 0, 0, 0, 0], [0, 0, 0, 0, 0]]",2,[],b602d526-e6e6-4241-becf-c152373668f1
"[[2, 1, 2, 1, 1], [1, 2, 0, 0, 0], [0, 0, 0, 0, 0], [0, 0, 0, 0, 0], [0, 0, 0, 0, 0]]","[[2, 1, 2, 1, 1], [1, 2, 0, 0, 0], [0, 0, 0, 0, 0], [0, 0, 0, 0, 0], [0, 0, 0, 0, 0]]",1,[],b602d526-e6e6-4241-becf-c152373668f1
"[[2, 1, 2, 1, 1], [1, 2, 0, 0, 0], [0, 0, 0, 0, 0], [0, 0, 0, 0, 0], [0, 0, 0, 0, 0]]","[[2, 1, 2, 1, 1], [1, 2, 0, 0, 0], [0, 0, 0, 0, 0], [0, 0, 0, 0, 0], [0, 0, 0, 0, 0]]",2,[],b602d526-e6e6-4241-becf-c152373668f1
"[[2, 1, 2, 1, 1], [1, 2, 0, 0, 0], [0, 0, 0, 0, 0], [0, 0, 0, 0, 0], [0, 0, 0, 0, 0]]","[[2, 1, 2, 1, 1], [1, 2, 1, 0, 0], [0, 0, 0, 0, 0], [0, 0, 0, 0, 0], [0, 0, 0, 0, 0]]",1,['nop_command'],b602d526-e6e6-4241-becf-c152373668f1
"[[2, 1, 2, 1, 1], [1, 2, 1, 0, 0], [0, 0, 0, 0, 0], [0, 0, 0, 0, 0], [0, 0, 0, 0, 0]]","[[2, 1, 2, 1, 1], [1, 2, 1, 0, 0], [0, 0, 0, 0, 0], [0, 0, 0, 0, 0], [0, 0, 0, 0, 0]]",2,[],b602d526-e6e6-4241-becf-c152373668f1
"[[2, 1, 2, 1, 1], [1, 2, 1, 0, 0], [0, 0, 0, 0, 0], [0, 0, 0, 0, 0], [0, 0, 0, 0, 0]]","[[2, 1, 2, 1, 1], [1, 2, 1, 0, 0], [0, 0, 0, 0, 0], [0, 0, 0, 0, 0], [0, 0, 0, 0, 0]]",1,[],b602d526-e6e6-4241-becf-c152373668f1
"[[2, 1, 2, 1, 1], [1, 2, 1, 0, 0], [0, 0, 0, 0, 0], [0, 0, 0, 0, 0], [0, 0, 0, 0, 0]]","[[2, 1, 2, 1, 1], [1, 2, 1, 0, 0], [0, 0, 0, 0, 0], [0, 0, 0, 0, 0], [0, 0, 0, 0, 0]]",2,[],b602d526-e6e6-4241-becf-c152373668f1
"[[2, 1, 2, 1, 1], [1, 2, 1, 0, 0], [0, 0, 0, 0, 0], [0, 0, 0, 0, 0], [0, 0, 0, 0, 0]]","[[2, 1, 2, 1, 1], [1, 2, 1, 0, 0], [0, 0, 0, 0, 0], [0, 0, 0, 0, 0], [0, 0, 0, 0, 0]]",1,[],b602d526-e6e6-4241-becf-c152373668f1
"[[2, 1, 2, 1, 1], [1, 2, 1, 0, 0], [0, 0, 0, 0, 0], [0, 0, 0, 0, 0], [0, 0, 0, 0, 0]]","[[2, 1, 2, 1, 1], [1, 2, 1, 0, 0], [0, 0, 0, 0, 0], [0, 0, 0, 0, 0], [0, 0, 0, 0, 0]]",2,[],b602d526-e6e6-4241-becf-c152373668f1
"[[2, 1, 2, 1, 1], [1, 2, 1, 0, 0], [0, 0, 0, 0, 0], [0, 0, 0, 0, 0], [0, 0, 0, 0, 0]]","[[2, 1, 2, 1, 1], [1, 2, 1, 1, 0], [0, 0, 0, 0, 0], [0, 0, 0, 0, 0], [0, 0, 0, 0, 0]]",1,['nop_command'],b602d526-e6e6-4241-becf-c152373668f1
"[[2, 1, 2, 1, 1], [1, 2, 1, 1, 0], [0, 0, 0, 0, 0], [0, 0, 0, 0, 0], [0, 0, 0, 0, 0]]","[[2, 1, 2, 1, 1], [1, 2, 1, 1, 0], [0, 0, 2, 0, 0], [0, 0, 0, 0, 0], [0, 0, 0, 0, 0]]",2,['kill_process_command'],b602d526-e6e6-4241-becf-c152373668f1
"[[2, 1, 2, 1, 1], [1, 2, 1, 1, 0], [0, 0, 2, 0, 0], [0, 0, 0, 0, 0], [0, 0, 0, 0, 0]]","[[2, 1, 2, 1, 1], [1, 2, 1, 1, 0], [0, 0, 2, 0, 0], [0, 0, 0, 0, 0], [0, 0, 0, 0, 0]]",1,[],b602d526-e6e6-4241-becf-c152373668f1
"[[2, 1, 2, 1, 1], [1, 2, 1, 1, 0], [0, 0, 2, 0, 0], [0, 0, 0, 0, 0], [0, 0, 0, 0, 0]]","[[2, 1, 2, 1, 1], [1, 2, 1, 1, 0], [0, 0, 2, 0, 0], [0, 0, 0, 0, 0], [0, 0, 0, 0, 0]]",2,[],b602d526-e6e6-4241-becf-c152373668f1
"[[2, 1, 2, 1, 1], [1, 2, 1, 1, 0], [0, 0, 2, 0, 0], [0, 0, 0, 0, 0], [0, 0, 0, 0, 0]]","[[2, 1, 2, 1, 1], [1, 2, 1, 1, 0], [0, 0, 2, 0, 0], [0, 0, 0, 1, 0], [0, 0, 0, 0, 0]]",1,['nop_command'],b602d526-e6e6-4241-becf-c152373668f1
"[[2, 1, 2, 1, 1], [1, 2, 1, 1, 0], [0, 0, 2, 0, 0], [0, 0, 0, 1, 0], [0, 0, 0, 0, 0]]","[[2, 1, 2, 1, 1], [1, 2, 1, 1, 0], [0, 0, 2, 0, 0], [0, 0, 0, 1, 0], [0, 0, 0, 0, 0]]",2,[],b602d526-e6e6-4241-becf-c152373668f1
"[[2, 1, 2, 1, 1], [1, 2, 1, 1, 0], [0, 0, 2, 0, 0], [0, 0, 0, 1, 0], [0, 0, 0, 0, 0]]","[[2, 1, 2, 1, 1], [1, 2, 1, 1, 0], [0, 0, 2, 1, 0], [0, 0, 0, 1, 0], [0, 0, 0, 0, 0]]",1,"['use_command', 'set_command', 'exploit_command']",b602d526-e6e6-4241-becf-c152373668f1
"[[0, 0, 0, 0, 0], [0, 0, 0, 0, 0], [0, 0, 0, 0, 0], [0, 0, 0, 0, 0], [0, 0, 0, 0, 0]]","[[0, 0, 0, 0, 0], [0, 0, 0, 0, 0], [0, 0, 0, 0, 0], [0, 0, 0, 0, 0], [0, 0, 0, 0, 0]]",1,[],ab11bf0c-7399-493e-908e-99d5dbfc80c4
"[[0, 0, 0, 0, 0], [0, 0, 0, 0, 0], [0, 0, 0, 0, 0], [0, 0, 0, 0, 0], [0, 0, 0, 0, 0]]","[[0, 0, 0, 0, 0], [0, 0, 0, 0, 0], [0, 0, 0, 0, 0], [0, 0, 0, 0, 0], [0, 0, 0, 0, 0]]",2,[],ab11bf0c-7399-493e-908e-99d5dbfc80c4
"[[0, 0, 0, 0, 0], [0, 0, 0, 0, 0], [0, 0, 0, 0, 0], [0, 0, 0, 0, 0], [0, 0, 0, 0, 0]]","[[0, 0, 0, 0, 0], [0, 0, 0, 0, 0], [0, 0, 0, 0, 0], [0, 0, 0, 0, 0], [0, 0, 0, 0, 0]]",1,[],ab11bf0c-7399-493e-908e-99d5dbfc80c4
"[[0, 0, 0, 0, 0], [0, 0, 0, 0, 0], [0, 0, 0, 0, 0], [0, 0, 0, 0, 0], [0, 0, 0, 0, 0]]","[[2, 0, 0, 0, 0], [0, 0, 0, 0, 0], [0, 0, 0, 0, 0], [0, 0, 0, 0, 0], [0, 0, 0, 0, 0]]",2,['nop_command'],ab11bf0c-7399-493e-908e-99d5dbfc80c4
"[[2, 0, 0, 0, 0], [0, 0, 0, 0, 0], [0, 0, 0, 0, 0], [0, 0, 0, 0, 0], [0, 0, 0, 0, 0]]","[[2, 1, 0, 0, 0], [0, 0, 0, 0, 0], [0, 0, 0, 0, 0], [0, 0, 0, 0, 0], [0, 0, 0, 0, 0]]",1,['scan_command'],ab11bf0c-7399-493e-908e-99d5dbfc80c4
"[[2, 1, 0, 0, 0], [0, 0, 0, 0, 0], [0, 0, 0, 0, 0], [0, 0, 0, 0, 0], [0, 0, 0, 0, 0]]","[[2, 1, 0, 0, 0], [0, 0, 0, 0, 0], [0, 0, 0, 0, 0], [0, 0, 0, 0, 0], [0, 0, 0, 0, 0]]",2,[],ab11bf0c-7399-493e-908e-99d5dbfc80c4
"[[2, 1, 0, 0, 0], [0, 0, 0, 0, 0], [0, 0, 0, 0, 0], [0, 0, 0, 0, 0], [0, 0, 0, 0, 0]]","[[2, 1, 0, 0, 0], [0, 0, 0, 0, 0], [0, 0, 0, 0, 0], [0, 0, 0, 0, 0], [0, 0, 0, 0, 0]]",1,[],ab11bf0c-7399-493e-908e-99d5dbfc80c4
"[[2, 1, 0, 0, 0], [0, 0, 0, 0, 0], [0, 0, 0, 0, 0], [0, 0, 0, 0, 0], [0, 0, 0, 0, 0]]","[[2, 1, 0, 0, 0], [0, 0, 0, 0, 0], [0, 0, 0, 0, 0], [0, 0, 0, 0, 0], [0, 0, 0, 0, 0]]",2,[],ab11bf0c-7399-493e-908e-99d5dbfc80c4
"[[2, 1, 0, 0, 0], [0, 0, 0, 0, 0], [0, 0, 0, 0, 0], [0, 0, 0, 0, 0], [0, 0, 0, 0, 0]]","[[2, 1, 0, 0, 0], [0, 0, 0, 0, 0], [0, 0, 0, 0, 0], [0, 0, 0, 0, 0], [0, 0, 0, 0, 0]]",1,[],ab11bf0c-7399-493e-908e-99d5dbfc80c4
"[[2, 1, 0, 0, 0], [0, 0, 0, 0, 0], [0, 0, 0, 0, 0], [0, 0, 0, 0, 0], [0, 0, 0, 0, 0]]","[[2, 1, 0, 0, 0], [0, 0, 0, 0, 0], [0, 0, 0, 0, 0], [0, 0, 0, 0, 0], [0, 0, 0, 0, 0]]",2,[],ab11bf0c-7399-493e-908e-99d5dbfc80c4
"[[2, 1, 0, 0, 0], [0, 0, 0, 0, 0], [0, 0, 0, 0, 0], [0, 0, 0, 0, 0], [0, 0, 0, 0, 0]]","[[2, 1, 0, 0, 0], [0, 0, 0, 0, 0], [0, 0, 0, 0, 0], [0, 0, 0, 0, 0], [0, 0, 0, 0, 0]]",1,[],ab11bf0c-7399-493e-908e-99d5dbfc80c4
"[[2, 1, 0, 0, 0], [0, 0, 0, 0, 0], [0, 0, 0, 0, 0], [0, 0, 0, 0, 0], [0, 0, 0, 0, 0]]","[[2, 1, 0, 0, 0], [0, 0, 0, 0, 0], [0, 0, 0, 0, 0], [0, 0, 0, 0, 0], [0, 0, 0, 0, 0]]",2,[],ab11bf0c-7399-493e-908e-99d5dbfc80c4
"[[2, 1, 0, 0, 0], [0, 0, 0, 0, 0], [0, 0, 0, 0, 0], [0, 0, 0, 0, 0], [0, 0, 0, 0, 0]]","[[2, 1, 0, 0, 0], [0, 0, 0, 0, 0], [0, 0, 0, 0, 0], [0, 0, 0, 0, 0], [0, 0, 0, 0, 0]]",1,[],ab11bf0c-7399-493e-908e-99d5dbfc80c4
"[[2, 1, 0, 0, 0], [0, 0, 0, 0, 0], [0, 0, 0, 0, 0], [0, 0, 0, 0, 0], [0, 0, 0, 0, 0]]","[[2, 1, 0, 0, 0], [0, 0, 0, 0, 0], [0, 0, 0, 0, 0], [0, 0, 0, 0, 0], [0, 0, 0, 0, 0]]",2,[],ab11bf0c-7399-493e-908e-99d5dbfc80c4
"[[2, 1, 0, 0, 0], [0, 0, 0, 0, 0], [0, 0, 0, 0, 0], [0, 0, 0, 0, 0], [0, 0, 0, 0, 0]]","[[2, 1, 0, 0, 0], [0, 0, 0, 0, 0], [0, 0, 0, 0, 0], [0, 0, 0, 0, 0], [0, 0, 0, 0, 0]]",1,[],ab11bf0c-7399-493e-908e-99d5dbfc80c4
"[[2, 1, 0, 0, 0], [0, 0, 0, 0, 0], [0, 0, 0, 0, 0], [0, 0, 0, 0, 0], [0, 0, 0, 0, 0]]","[[2, 1, 2, 0, 0], [0, 0, 0, 0, 0], [0, 0, 0, 0, 0], [0, 0, 0, 0, 0], [0, 0, 0, 0, 0]]",2,['nop_command'],ab11bf0c-7399-493e-908e-99d5dbfc80c4
"[[2, 1, 2, 0, 0], [0, 0, 0, 0, 0], [0, 0, 0, 0, 0], [0, 0, 0, 0, 0], [0, 0, 0, 0, 0]]","[[2, 1, 2, 0, 0], [0, 0, 0, 0, 0], [0, 0, 0, 0, 0], [0, 0, 0, 0, 0], [0, 0, 0, 0, 0]]",1,[],ab11bf0c-7399-493e-908e-99d5dbfc80c4
"[[2, 1, 2, 0, 0], [0, 0, 0, 0, 0], [0, 0, 0, 0, 0], [0, 0, 0, 0, 0], [0, 0, 0, 0, 0]]","[[2, 1, 2, 0, 0], [0, 0, 0, 0, 0], [0, 0, 0, 0, 0], [0, 0, 0, 0, 0], [0, 0, 0, 0, 0]]",2,[],ab11bf0c-7399-493e-908e-99d5dbfc80c4
"[[2, 1, 2, 0, 0], [0, 0, 0, 0, 0], [0, 0, 0, 0, 0], [0, 0, 0, 0, 0], [0, 0, 0, 0, 0]]","[[2, 1, 2, 1, 0], [0, 0, 0, 0, 0], [0, 0, 0, 0, 0], [0, 0, 0, 0, 0], [0, 0, 0, 0, 0]]",1,['nop_command'],ab11bf0c-7399-493e-908e-99d5dbfc80c4
"[[2, 1, 2, 1, 0], [0, 0, 0, 0, 0], [0, 0, 0, 0, 0], [0, 0, 0, 0, 0], [0, 0, 0, 0, 0]]","[[2, 1, 2, 1, 0], [0, 0, 0, 0, 0], [0, 0, 0, 0, 0], [0, 0, 0, 0, 0], [0, 0, 0, 0, 0]]",2,[],ab11bf0c-7399-493e-908e-99d5dbfc80c4
"[[2, 1, 2, 1, 0], [0, 0, 0, 0, 0], [0, 0, 0, 0, 0], [0, 0, 0, 0, 0], [0, 0, 0, 0, 0]]","[[2, 1, 2, 1, 0], [0, 0, 0, 0, 0], [0, 0, 0, 0, 0], [0, 0, 0, 0, 0], [0, 0, 0, 0, 0]]",1,[],ab11bf0c-7399-493e-908e-99d5dbfc80c4
"[[2, 1, 2, 1, 0], [0, 0, 0, 0, 0], [0, 0, 0, 0, 0], [0, 0, 0, 0, 0], [0, 0, 0, 0, 0]]","[[2, 1, 2, 1, 0], [0, 0, 0, 0, 0], [0, 0, 0, 0, 0], [0, 0, 0, 0, 0], [0, 0, 0, 0, 0]]",2,[],ab11bf0c-7399-493e-908e-99d5dbfc80c4
"[[2, 1, 2, 1, 0], [0, 0, 0, 0, 0], [0, 0, 0, 0, 0], [0, 0, 0, 0, 0], [0, 0, 0, 0, 0]]","[[2, 1, 2, 1, 0], [0, 0, 0, 0, 0], [0, 0, 0, 0, 0], [0, 0, 0, 0, 0], [0, 0, 0, 0, 0]]",1,[],ab11bf0c-7399-493e-908e-99d5dbfc80c4
"[[2, 1, 2, 1, 0], [0, 0, 0, 0, 0], [0, 0, 0, 0, 0], [0, 0, 0, 0, 0], [0, 0, 0, 0, 0]]","[[2, 1, 2, 1, 2], [0, 0, 0, 0, 0], [0, 0, 0, 0, 0], [0, 0, 0, 0, 0], [0, 0, 0, 0, 0]]",2,['nop_command'],ab11bf0c-7399-493e-908e-99d5dbfc80c4
"[[2, 1, 2, 1, 2], [0, 0, 0, 0, 0], [0, 0, 0, 0, 0], [0, 0, 0, 0, 0], [0, 0, 0, 0, 0]]","[[2, 1, 2, 1, 2], [1, 0, 0, 0, 0], [0, 0, 0, 0, 0], [0, 0, 0, 0, 0], [0, 0, 0, 0, 0]]",1,['use_command'],ab11bf0c-7399-493e-908e-99d5dbfc80c4
"[[2, 1, 2, 1, 2], [1, 0, 0, 0, 0], [0, 0, 0, 0, 0], [0, 0, 0, 0, 0], [0, 0, 0, 0, 0]]","[[2, 1, 2, 1, 2], [1, 0, 0, 0, 0], [0, 0, 0, 0, 0], [0, 0, 0, 0, 0], [0, 0, 0, 0, 0]]",2,[],ab11bf0c-7399-493e-908e-99d5dbfc80c4
"[[2, 1, 2, 1, 2], [1, 0, 0, 0, 0], [0, 0, 0, 0, 0], [0, 0, 0, 0, 0], [0, 0, 0, 0, 0]]","[[2, 1, 2, 1, 2], [1, 0, 0, 0, 0], [0, 0, 0, 0, 0], [0, 0, 0, 0, 0], [0, 0, 0, 0, 0]]",1,[],ab11bf0c-7399-493e-908e-99d5dbfc80c4
"[[2, 1, 2, 1, 2], [1, 0, 0, 0, 0], [0, 0, 0, 0, 0], [0, 0, 0, 0, 0], [0, 0, 0, 0, 0]]","[[2, 1, 2, 1, 2], [1, 0, 0, 0, 0], [0, 0, 0, 0, 0], [0, 0, 0, 0, 0], [0, 0, 0, 0, 0]]",2,[],ab11bf0c-7399-493e-908e-99d5dbfc80c4
"[[2, 1, 2, 1, 2], [1, 0, 0, 0, 0], [0, 0, 0, 0, 0], [0, 0, 0, 0, 0], [0, 0, 0, 0, 0]]","[[2, 1, 2, 1, 2], [1, 0, 0, 0, 0], [0, 0, 0, 0, 0], [0, 0, 0, 0, 0], [0, 0, 0, 0, 0]]",1,[],ab11bf0c-7399-493e-908e-99d5dbfc80c4
"[[2, 1, 2, 1, 2], [1, 0, 0, 0, 0], [0, 0, 0, 0, 0], [0, 0, 0, 0, 0], [0, 0, 0, 0, 0]]","[[2, 1, 2, 1, 2], [1, 0, 0, 0, 0], [0, 0, 0, 0, 0], [0, 0, 0, 0, 0], [0, 0, 0, 0, 0]]",2,[],ab11bf0c-7399-493e-908e-99d5dbfc80c4
"[[2, 1, 2, 1, 2], [1, 0, 0, 0, 0], [0, 0, 0, 0, 0], [0, 0, 0, 0, 0], [0, 0, 0, 0, 0]]","[[2, 1, 2, 1, 2], [1, 1, 0, 0, 0], [0, 0, 0, 0, 0], [0, 0, 0, 0, 0], [0, 0, 0, 0, 0]]",1,['nop_command'],ab11bf0c-7399-493e-908e-99d5dbfc80c4
"[[2, 1, 2, 1, 2], [1, 1, 0, 0, 0], [0, 0, 0, 0, 0], [0, 0, 0, 0, 0], [0, 0, 0, 0, 0]]","[[2, 1, 2, 1, 2], [1, 1, 0, 0, 0], [0, 0, 0, 0, 0], [0, 0, 0, 0, 0], [0, 0, 0, 0, 0]]",2,[],ab11bf0c-7399-493e-908e-99d5dbfc80c4
"[[2, 1, 2, 1, 2], [1, 1, 0, 0, 0], [0, 0, 0, 0, 0], [0, 0, 0, 0, 0], [0, 0, 0, 0, 0]]","[[2, 1, 2, 1, 2], [1, 1, 0, 0, 0], [0, 0, 0, 0, 0], [0, 0, 0, 0, 0], [0, 0, 0, 0, 0]]",1,[],ab11bf0c-7399-493e-908e-99d5dbfc80c4
"[[2, 1, 2, 1, 2], [1, 1, 0, 0, 0], [0, 0, 0, 0, 0], [0, 0, 0, 0, 0], [0, 0, 0, 0, 0]]","[[2, 1, 2, 1, 2], [1, 1, 0, 0, 0], [0, 0, 0, 0, 0], [0, 0, 0, 0, 0], [0, 0, 0, 0, 0]]",2,[],ab11bf0c-7399-493e-908e-99d5dbfc80c4
"[[2, 1, 2, 1, 2], [1, 1, 0, 0, 0], [0, 0, 0, 0, 0], [0, 0, 0, 0, 0], [0, 0, 0, 0, 0]]","[[2, 1, 2, 1, 2], [1, 1, 1, 0, 0], [0, 0, 0, 0, 0], [0, 0, 0, 0, 0], [0, 0, 0, 0, 0]]",1,['set_command'],ab11bf0c-7399-493e-908e-99d5dbfc80c4
"[[2, 1, 2, 1, 2], [1, 1, 1, 0, 0], [0, 0, 0, 0, 0], [0, 0, 0, 0, 0], [0, 0, 0, 0, 0]]","[[2, 1, 2, 1, 2], [1, 1, 1, 0, 0], [0, 0, 0, 0, 0], [0, 0, 0, 0, 0], [0, 0, 0, 0, 0]]",2,[],ab11bf0c-7399-493e-908e-99d5dbfc80c4
"[[2, 1, 2, 1, 2], [1, 1, 1, 0, 0], [0, 0, 0, 0, 0], [0, 0, 0, 0, 0], [0, 0, 0, 0, 0]]","[[2, 1, 2, 1, 2], [1, 1, 1, 0, 0], [0, 0, 0, 0, 0], [0, 0, 0, 0, 0], [0, 0, 0, 0, 0]]",1,[],ab11bf0c-7399-493e-908e-99d5dbfc80c4
"[[2, 1, 2, 1, 2], [1, 1, 1, 0, 0], [0, 0, 0, 0, 0], [0, 0, 0, 0, 0], [0, 0, 0, 0, 0]]","[[2, 1, 2, 1, 2], [1, 1, 1, 2, 0], [0, 0, 0, 0, 0], [0, 0, 0, 0, 0], [0, 0, 0, 0, 0]]",2,['kill_process_command'],ab11bf0c-7399-493e-908e-99d5dbfc80c4
"[[2, 1, 2, 1, 2], [1, 1, 1, 2, 0], [0, 0, 0, 0, 0], [0, 0, 0, 0, 0], [0, 0, 0, 0, 0]]","[[2, 1, 2, 1, 2], [1, 1, 1, 2, 0], [0, 1, 0, 0, 0], [0, 0, 0, 0, 0], [0, 0, 0, 0, 0]]",1,"['use_command', 'set_command']",ab11bf0c-7399-493e-908e-99d5dbfc80c4
"[[2, 1, 2, 1, 2], [1, 1, 1, 2, 0], [0, 1, 0, 0, 0], [0, 0, 0, 0, 0], [0, 0, 0, 0, 0]]","[[2, 1, 2, 1, 2], [1, 1, 1, 2, 0], [0, 1, 0, 0, 0], [0, 0, 0, 0, 0], [0, 0, 0, 0, 0]]",2,[],ab11bf0c-7399-493e-908e-99d5dbfc80c4
"[[2, 1, 2, 1, 2], [1, 1, 1, 2, 0], [0, 1, 0, 0, 0], [0, 0, 0, 0, 0], [0, 0, 0, 0, 0]]","[[2, 1, 2, 1, 2], [1, 1, 1, 2, 0], [0, 1, 0, 0, 0], [1, 0, 0, 0, 0], [0, 0, 0, 0, 0]]",1,['exploit_command'],ab11bf0c-7399-493e-908e-99d5dbfc80c4
"[[0, 0, 0, 0, 0], [0, 0, 0, 0, 0], [0, 0, 0, 0, 0], [0, 0, 0, 0, 0], [0, 0, 0, 0, 0]]","[[0, 0, 0, 0, 0], [0, 0, 0, 0, 0], [0, 0, 0, 0, 0], [0, 0, 0, 0, 0], [0, 0, 0, 0, 0]]",1,[],98e7e9f7-8ed4-4856-a0f8-299b2030136e
"[[0, 0, 0, 0, 0], [0, 0, 0, 0, 0], [0, 0, 0, 0, 0], [0, 0, 0, 0, 0], [0, 0, 0, 0, 0]]","[[0, 0, 0, 0, 0], [0, 0, 0, 0, 0], [0, 0, 0, 0, 0], [0, 0, 0, 0, 0], [0, 0, 0, 0, 0]]",2,[],98e7e9f7-8ed4-4856-a0f8-299b2030136e
"[[0, 0, 0, 0, 0], [0, 0, 0, 0, 0], [0, 0, 0, 0, 0], [0, 0, 0, 0, 0], [0, 0, 0, 0, 0]]","[[0, 0, 0, 0, 0], [0, 0, 0, 0, 0], [0, 0, 0, 0, 0], [0, 0, 0, 0, 0], [0, 0, 0, 0, 0]]",1,[],98e7e9f7-8ed4-4856-a0f8-299b2030136e
"[[0, 0, 0, 0, 0], [0, 0, 0, 0, 0], [0, 0, 0, 0, 0], [0, 0, 0, 0, 0], [0, 0, 0, 0, 0]]","[[2, 0, 0, 0, 0], [0, 0, 0, 0, 0], [0, 0, 0, 0, 0], [0, 0, 0, 0, 0], [0, 0, 0, 0, 0]]",2,['nop_command'],98e7e9f7-8ed4-4856-a0f8-299b2030136e
"[[2, 0, 0, 0, 0], [0, 0, 0, 0, 0], [0, 0, 0, 0, 0], [0, 0, 0, 0, 0], [0, 0, 0, 0, 0]]","[[2, 0, 0, 0, 0], [0, 0, 0, 0, 0], [0, 0, 0, 0, 0], [0, 0, 0, 0, 0], [0, 0, 0, 0, 0]]",1,[],98e7e9f7-8ed4-4856-a0f8-299b2030136e
"[[2, 0, 0, 0, 0], [0, 0, 0, 0, 0], [0, 0, 0, 0, 0], [0, 0, 0, 0, 0], [0, 0, 0, 0, 0]]","[[2, 2, 0, 0, 0], [0, 0, 0, 0, 0], [0, 0, 0, 0, 0], [0, 0, 0, 0, 0], [0, 0, 0, 0, 0]]",2,['nop_command'],98e7e9f7-8ed4-4856-a0f8-299b2030136e
"[[2, 2, 0, 0, 0], [0, 0, 0, 0, 0], [0, 0, 0, 0, 0], [0, 0, 0, 0, 0], [0, 0, 0, 0, 0]]","[[2, 2, 0, 0, 0], [0, 0, 0, 0, 0], [0, 0, 0, 0, 0], [0, 0, 0, 0, 0], [0, 0, 0, 0, 0]]",1,[],98e7e9f7-8ed4-4856-a0f8-299b2030136e
"[[2, 2, 0, 0, 0], [0, 0, 0, 0, 0], [0, 0, 0, 0, 0], [0, 0, 0, 0, 0], [0, 0, 0, 0, 0]]","[[2, 2, 0, 0, 0], [0, 0, 0, 0, 0], [0, 0, 0, 0, 0], [0, 0, 0, 0, 0], [0, 0, 0, 0, 0]]",2,[],98e7e9f7-8ed4-4856-a0f8-299b2030136e
"[[2, 2, 0, 0, 0], [0, 0, 0, 0, 0], [0, 0, 0, 0, 0], [0, 0, 0, 0, 0], [0, 0, 0, 0, 0]]","[[2, 2, 1, 0, 0], [0, 0, 0, 0, 0], [0, 0, 0, 0, 0], [0, 0, 0, 0, 0], [0, 0, 0, 0, 0]]",1,['scan_command'],98e7e9f7-8ed4-4856-a0f8-299b2030136e
"[[2, 2, 1, 0, 0], [0, 0, 0, 0, 0], [0, 0, 0, 0, 0], [0, 0, 0, 0, 0], [0, 0, 0, 0, 0]]","[[2, 2, 1, 2, 0], [0, 0, 0, 0, 0], [0, 0, 0, 0, 0], [0, 0, 0, 0, 0], [0, 0, 0, 0, 0]]",2,['nop_command'],98e7e9f7-8ed4-4856-a0f8-299b2030136e
"[[2, 2, 1, 2, 0], [0, 0, 0, 0, 0], [0, 0, 0, 0, 0], [0, 0, 0, 0, 0], [0, 0, 0, 0, 0]]","[[2, 2, 1, 2, 1], [0, 0, 0, 0, 0], [0, 0, 0, 0, 0], [0, 0, 0, 0, 0], [0, 0, 0, 0, 0]]",1,['nop_command'],98e7e9f7-8ed4-4856-a0f8-299b2030136e
"[[2, 2, 1, 2, 1], [0, 0, 0, 0, 0], [0, 0, 0, 0, 0], [0, 0, 0, 0, 0], [0, 0, 0, 0, 0]]","[[2, 2, 1, 2, 1], [0, 0, 0, 0, 0], [0, 0, 0, 0, 0], [0, 0, 0, 0, 0], [0, 0, 0, 0, 0]]",2,[],98e7e9f7-8ed4-4856-a0f8-299b2030136e
"[[2, 2, 1, 2, 1], [0, 0, 0, 0, 0], [0, 0, 0, 0, 0], [0, 0, 0, 0, 0], [0, 0, 0, 0, 0]]","[[2, 2, 1, 2, 1], [0, 0, 0, 0, 0], [0, 0, 0, 0, 0], [0, 0, 0, 0, 0], [0, 0, 0, 0, 0]]",1,[],98e7e9f7-8ed4-4856-a0f8-299b2030136e
"[[2, 2, 1, 2, 1], [0, 0, 0, 0, 0], [0, 0, 0, 0, 0], [0, 0, 0, 0, 0], [0, 0, 0, 0, 0]]","[[2, 2, 1, 2, 1], [0, 0, 0, 0, 0], [0, 0, 0, 0, 0], [0, 0, 0, 0, 0], [0, 0, 0, 0, 0]]",2,[],98e7e9f7-8ed4-4856-a0f8-299b2030136e
"[[2, 2, 1, 2, 1], [0, 0, 0, 0, 0], [0, 0, 0, 0, 0], [0, 0, 0, 0, 0], [0, 0, 0, 0, 0]]","[[2, 2, 1, 2, 1], [1, 0, 0, 0, 0], [0, 0, 0, 0, 0], [0, 0, 0, 0, 0], [0, 0, 0, 0, 0]]",1,['nop_command'],98e7e9f7-8ed4-4856-a0f8-299b2030136e
"[[2, 2, 1, 2, 1], [1, 0, 0, 0, 0], [0, 0, 0, 0, 0], [0, 0, 0, 0, 0], [0, 0, 0, 0, 0]]","[[2, 2, 1, 2, 1], [1, 0, 0, 0, 0], [0, 0, 0, 0, 0], [0, 0, 0, 0, 0], [0, 0, 0, 0, 0]]",2,[],98e7e9f7-8ed4-4856-a0f8-299b2030136e
"[[2, 2, 1, 2, 1], [1, 0, 0, 0, 0], [0, 0, 0, 0, 0], [0, 0, 0, 0, 0], [0, 0, 0, 0, 0]]","[[2, 2, 1, 2, 1], [1, 1, 0, 0, 0], [0, 0, 0, 0, 0], [0, 0, 0, 0, 0], [0, 0, 0, 0, 0]]",1,['use_command'],98e7e9f7-8ed4-4856-a0f8-299b2030136e
"[[2, 2, 1, 2, 1], [1, 1, 0, 0, 0], [0, 0, 0, 0, 0], [0, 0, 0, 0, 0], [0, 0, 0, 0, 0]]","[[2, 2, 1, 2, 1], [1, 1, 0, 0, 0], [0, 0, 0, 0, 0], [0, 0, 0, 0, 0], [0, 0, 0, 0, 0]]",2,[],98e7e9f7-8ed4-4856-a0f8-299b2030136e
"[[2, 2, 1, 2, 1], [1, 1, 0, 0, 0], [0, 0, 0, 0, 0], [0, 0, 0, 0, 0], [0, 0, 0, 0, 0]]","[[2, 2, 1, 2, 1], [1, 1, 0, 0, 0], [0, 0, 0, 0, 0], [0, 0, 0, 0, 0], [0, 0, 0, 0, 0]]",1,[],98e7e9f7-8ed4-4856-a0f8-299b2030136e
"[[2, 2, 1, 2, 1], [1, 1, 0, 0, 0], [0, 0, 0, 0, 0], [0, 0, 0, 0, 0], [0, 0, 0, 0, 0]]","[[2, 2, 1, 2, 1], [1, 1, 0, 0, 0], [0, 0, 0, 0, 0], [0, 0, 0, 0, 0], [0, 0, 0, 0, 0]]",2,[],98e7e9f7-8ed4-4856-a0f8-299b2030136e
"[[2, 2, 1, 2, 1], [1, 1, 0, 0, 0], [0, 0, 0, 0, 0], [0, 0, 0, 0, 0], [0, 0, 0, 0, 0]]","[[2, 2, 1, 2, 1], [1, 1, 0, 0, 0], [0, 0, 0, 0, 0], [0, 0, 0, 0, 0], [0, 0, 0, 0, 0]]",1,[],98e7e9f7-8ed4-4856-a0f8-299b2030136e
"[[2, 2, 1, 2, 1], [1, 1, 0, 0, 0], [0, 0, 0, 0, 0], [0, 0, 0, 0, 0], [0, 0, 0, 0, 0]]","[[2, 2, 1, 2, 1], [1, 1, 2, 0, 0], [0, 0, 0, 0, 0], [0, 0, 0, 0, 0], [0, 0, 0, 0, 0]]",2,['kill_process_command'],98e7e9f7-8ed4-4856-a0f8-299b2030136e
"[[2, 2, 1, 2, 1], [1, 1, 2, 0, 0], [0, 0, 0, 0, 0], [0, 0, 0, 0, 0], [0, 0, 0, 0, 0]]","[[2, 2, 1, 2, 1], [1, 1, 2, 0, 0], [0, 0, 0, 0, 0], [0, 0, 0, 0, 0], [0, 0, 0, 0, 0]]",1,[],98e7e9f7-8ed4-4856-a0f8-299b2030136e
"[[2, 2, 1, 2, 1], [1, 1, 2, 0, 0], [0, 0, 0, 0, 0], [0, 0, 0, 0, 0], [0, 0, 0, 0, 0]]","[[2, 2, 1, 2, 1], [1, 1, 2, 0, 0], [0, 0, 0, 0, 0], [0, 0, 0, 0, 0], [0, 0, 0, 0, 0]]",2,[],98e7e9f7-8ed4-4856-a0f8-299b2030136e
"[[2, 2, 1, 2, 1], [1, 1, 2, 0, 0], [0, 0, 0, 0, 0], [0, 0, 0, 0, 0], [0, 0, 0, 0, 0]]","[[2, 2, 1, 2, 1], [1, 1, 2, 1, 0], [0, 0, 0, 0, 0], [0, 0, 0, 0, 0], [0, 0, 0, 0, 0]]",1,['use_command'],98e7e9f7-8ed4-4856-a0f8-299b2030136e
"[[2, 2, 1, 2, 1], [1, 1, 2, 1, 0], [0, 0, 0, 0, 0], [0, 0, 0, 0, 0], [0, 0, 0, 0, 0]]","[[2, 2, 1, 2, 1], [1, 1, 2, 1, 0], [0, 0, 0, 0, 0], [0, 0, 0, 0, 0], [0, 0, 0, 0, 0]]",2,[],98e7e9f7-8ed4-4856-a0f8-299b2030136e
"[[2, 2, 1, 2, 1], [1, 1, 2, 1, 0], [0, 0, 0, 0, 0], [0, 0, 0, 0, 0], [0, 0, 0, 0, 0]]","[[2, 2, 1, 2, 1], [1, 1, 2, 1, 0], [0, 0, 0, 0, 0], [0, 0, 0, 0, 0], [0, 0, 0, 0, 0]]",1,[],98e7e9f7-8ed4-4856-a0f8-299b2030136e
"[[2, 2, 1, 2, 1], [1, 1, 2, 1, 0], [0, 0, 0, 0, 0], [0, 0, 0, 0, 0], [0, 0, 0, 0, 0]]","[[2, 2, 1, 2, 1], [1, 1, 2, 1, 0], [0, 0, 0, 0, 0], [0, 0, 0, 0, 0], [0, 0, 0, 0, 0]]",2,[],98e7e9f7-8ed4-4856-a0f8-299b2030136e
"[[2, 2, 1, 2, 1], [1, 1, 2, 1, 0], [0, 0, 0, 0, 0], [0, 0, 0, 0, 0], [0, 0, 0, 0, 0]]","[[2, 2, 1, 2, 1], [1, 1, 2, 1, 1], [0, 0, 0, 0, 0], [0, 0, 0, 0, 0], [0, 0, 0, 0, 0]]",1,['nop_command'],98e7e9f7-8ed4-4856-a0f8-299b2030136e
"[[2, 2, 1, 2, 1], [1, 1, 2, 1, 1], [0, 0, 0, 0, 0], [0, 0, 0, 0, 0], [0, 0, 0, 0, 0]]","[[2, 2, 1, 2, 1], [1, 1, 2, 1, 1], [2, 0, 0, 0, 0], [0, 0, 0, 0, 0], [0, 0, 0, 0, 0]]",2,['kill_process_command'],98e7e9f7-8ed4-4856-a0f8-299b2030136e
"[[2, 2, 1, 2, 1], [1, 1, 2, 1, 1], [2, 0, 0, 0, 0], [0, 0, 0, 0, 0], [0, 0, 0, 0, 0]]","[[2, 2, 1, 2, 1], [1, 1, 2, 1, 1], [2, 0, 0, 0, 0], [0, 0, 0, 0, 0], [0, 0, 0, 0, 0]]",1,[],98e7e9f7-8ed4-4856-a0f8-299b2030136e
"[[2, 2, 1, 2, 1], [1, 1, 2, 1, 1], [2, 0, 0, 0, 0], [0, 0, 0, 0, 0], [0, 0, 0, 0, 0]]","[[2, 2, 1, 2, 1], [1, 1, 2, 1, 1], [2, 0, 0, 0, 0], [0, 0, 0, 0, 0], [0, 0, 0, 0, 0]]",2,[],98e7e9f7-8ed4-4856-a0f8-299b2030136e
"[[2, 2, 1, 2, 1], [1, 1, 2, 1, 1], [2, 0, 0, 0, 0], [0, 0, 0, 0, 0], [0, 0, 0, 0, 0]]","[[2, 2, 1, 2, 1], [1, 1, 2, 1, 1], [2, 0, 0, 0, 0], [0, 0, 0, 0, 0], [0, 0, 0, 0, 0]]",1,[],98e7e9f7-8ed4-4856-a0f8-299b2030136e
"[[2, 2, 1, 2, 1], [1, 1, 2, 1, 1], [2, 0, 0, 0, 0], [0, 0, 0, 0, 0], [0, 0, 0, 0, 0]]","[[2, 2, 1, 2, 1], [1, 1, 2, 1, 1], [2, 0, 0, 0, 0], [0, 0, 0, 0, 0], [0, 0, 0, 0, 0]]",2,[],98e7e9f7-8ed4-4856-a0f8-299b2030136e
"[[2, 2, 1, 2, 1], [1, 1, 2, 1, 1], [2, 0, 0, 0, 0], [0, 0, 0, 0, 0], [0, 0, 0, 0, 0]]","[[2, 2, 1, 2, 1], [1, 1, 2, 1, 1], [2, 0, 0, 0, 0], [0, 0, 0, 0, 0], [0, 0, 0, 0, 0]]",1,[],98e7e9f7-8ed4-4856-a0f8-299b2030136e
"[[2, 2, 1, 2, 1], [1, 1, 2, 1, 1], [2, 0, 0, 0, 0], [0, 0, 0, 0, 0], [0, 0, 0, 0, 0]]","[[2, 2, 1, 2, 1], [1, 1, 2, 1, 1], [2, 0, 0, 0, 0], [0, 0, 0, 0, 0], [0, 0, 0, 0, 0]]",2,[],98e7e9f7-8ed4-4856-a0f8-299b2030136e
"[[2, 2, 1, 2, 1], [1, 1, 2, 1, 1], [2, 0, 0, 0, 0], [0, 0, 0, 0, 0], [0, 0, 0, 0, 0]]","[[2, 2, 1, 2, 1], [1, 1, 2, 1, 1], [2, 1, 0, 0, 0], [0, 0, 0, 0, 0], [0, 0, 0, 0, 0]]",1,['use_command'],98e7e9f7-8ed4-4856-a0f8-299b2030136e
"[[2, 2, 1, 2, 1], [1, 1, 2, 1, 1], [2, 1, 0, 0, 0], [0, 0, 0, 0, 0], [0, 0, 0, 0, 0]]","[[2, 2, 1, 2, 1], [1, 1, 2, 1, 1], [2, 1, 0, 0, 0], [0, 0, 0, 0, 0], [0, 0, 0, 0, 0]]",2,[],98e7e9f7-8ed4-4856-a0f8-299b2030136e
"[[2, 2, 1, 2, 1], [1, 1, 2, 1, 1], [2, 1, 0, 0, 0], [0, 0, 0, 0, 0], [0, 0, 0, 0, 0]]","[[2, 2, 1, 2, 1], [1, 1, 2, 1, 1], [2, 1, 0, 0, 0], [0, 0, 0, 0, 0], [0, 0, 0, 0, 0]]",1,[],98e7e9f7-8ed4-4856-a0f8-299b2030136e
"[[2, 2, 1, 2, 1], [1, 1, 2, 1, 1], [2, 1, 0, 0, 0], [0, 0, 0, 0, 0], [0, 0, 0, 0, 0]]","[[2, 2, 1, 2, 1], [1, 1, 2, 1, 1], [2, 1, 0, 0, 0], [0, 0, 0, 0, 0], [0, 0, 0, 0, 0]]",2,[],98e7e9f7-8ed4-4856-a0f8-299b2030136e
"[[2, 2, 1, 2, 1], [1, 1, 2, 1, 1], [2, 1, 0, 0, 0], [0, 0, 0, 0, 0], [0, 0, 0, 0, 0]]","[[2, 2, 1, 2, 1], [1, 1, 2, 1, 1], [2, 1, 0, 0, 0], [0, 0, 0, 0, 0], [0, 0, 0, 0, 0]]",1,[],98e7e9f7-8ed4-4856-a0f8-299b2030136e
"[[2, 2, 1, 2, 1], [1, 1, 2, 1, 1], [2, 1, 0, 0, 0], [0, 0, 0, 0, 0], [0, 0, 0, 0, 0]]","[[2, 2, 1, 2, 1], [1, 1, 2, 1, 1], [2, 1, 0, 0, 0], [0, 0, 0, 0, 0], [0, 0, 0, 0, 0]]",2,[],98e7e9f7-8ed4-4856-a0f8-299b2030136e
"[[2, 2, 1, 2, 1], [1, 1, 2, 1, 1], [2, 1, 0, 0, 0], [0, 0, 0, 0, 0], [0, 0, 0, 0, 0]]","[[2, 2, 1, 2, 1], [1, 1, 2, 1, 1], [2, 1, 0, 0, 0], [0, 0, 0, 0, 0], [0, 0, 0, 0, 0]]",1,[],98e7e9f7-8ed4-4856-a0f8-299b2030136e
"[[2, 2, 1, 2, 1], [1, 1, 2, 1, 1], [2, 1, 0, 0, 0], [0, 0, 0, 0, 0], [0, 0, 0, 0, 0]]","[[2, 2, 1, 2, 1], [1, 1, 2, 1, 1], [2, 1, 0, 0, 0], [0, 0, 0, 0, 0], [0, 0, 0, 0, 0]]",2,[],98e7e9f7-8ed4-4856-a0f8-299b2030136e
"[[2, 2, 1, 2, 1], [1, 1, 2, 1, 1], [2, 1, 0, 0, 0], [0, 0, 0, 0, 0], [0, 0, 0, 0, 0]]","[[2, 2, 1, 2, 1], [1, 1, 2, 1, 1], [2, 1, 0, 0, 0], [0, 1, 0, 0, 0], [0, 0, 0, 0, 0]]",1,['set_command'],98e7e9f7-8ed4-4856-a0f8-299b2030136e
"[[2, 2, 1, 2, 1], [1, 1, 2, 1, 1], [2, 1, 0, 0, 0], [0, 1, 0, 0, 0], [0, 0, 0, 0, 0]]","[[2, 2, 1, 2, 1], [1, 1, 2, 1, 1], [2, 1, 0, 0, 0], [0, 1, 0, 0, 0], [0, 0, 0, 0, 0]]",2,[],98e7e9f7-8ed4-4856-a0f8-299b2030136e
"[[2, 2, 1, 2, 1], [1, 1, 2, 1, 1], [2, 1, 0, 0, 0], [0, 1, 0, 0, 0], [0, 0, 0, 0, 0]]","[[2, 2, 1, 2, 1], [1, 1, 2, 1, 1], [2, 1, 0, 0, 0], [0, 1, 0, 0, 0], [0, 0, 0, 0, 0]]",1,[],98e7e9f7-8ed4-4856-a0f8-299b2030136e
"[[2, 2, 1, 2, 1], [1, 1, 2, 1, 1], [2, 1, 0, 0, 0], [0, 1, 0, 0, 0], [0, 0, 0, 0, 0]]","[[2, 2, 1, 2, 1], [1, 1, 2, 1, 1], [2, 1, 2, 0, 0], [0, 1, 0, 0, 0], [0, 0, 0, 0, 0]]",2,['kill_process_command'],98e7e9f7-8ed4-4856-a0f8-299b2030136e
"[[2, 2, 1, 2, 1], [1, 1, 2, 1, 1], [2, 1, 2, 0, 0], [0, 1, 0, 0, 0], [0, 0, 0, 0, 0]]","[[2, 2, 1, 2, 1], [1, 1, 2, 1, 1], [2, 1, 2, 0, 0], [0, 1, 0, 0, 0], [0, 1, 0, 0, 0]]",1,['scan_command'],98e7e9f7-8ed4-4856-a0f8-299b2030136e
"[[0, 0, 0, 0, 0], [0, 0, 0, 0, 0], [0, 0, 0, 0, 0], [0, 0, 0, 0, 0], [0, 0, 0, 0, 0]]","[[0, 0, 0, 0, 0], [0, 0, 0, 0, 0], [0, 0, 0, 0, 0], [0, 0, 0, 0, 0], [0, 0, 0, 0, 0]]",1,[],1b28ef06-046f-4f6c-91fc-ea28c853dc7f
"[[0, 0, 0, 0, 0], [0, 0, 0, 0, 0], [0, 0, 0, 0, 0], [0, 0, 0, 0, 0], [0, 0, 0, 0, 0]]","[[2, 0, 0, 0, 0], [0, 0, 0, 0, 0], [0, 0, 0, 0, 0], [0, 0, 0, 0, 0], [0, 0, 0, 0, 0]]",2,['nop_command'],1b28ef06-046f-4f6c-91fc-ea28c853dc7f
"[[2, 0, 0, 0, 0], [0, 0, 0, 0, 0], [0, 0, 0, 0, 0], [0, 0, 0, 0, 0], [0, 0, 0, 0, 0]]","[[2, 1, 0, 0, 0], [0, 0, 0, 0, 0], [0, 0, 0, 0, 0], [0, 0, 0, 0, 0], [0, 0, 0, 0, 0]]",1,['scan_command'],1b28ef06-046f-4f6c-91fc-ea28c853dc7f
"[[2, 1, 0, 0, 0], [0, 0, 0, 0, 0], [0, 0, 0, 0, 0], [0, 0, 0, 0, 0], [0, 0, 0, 0, 0]]","[[2, 1, 0, 0, 0], [0, 0, 0, 0, 0], [0, 0, 0, 0, 0], [0, 0, 0, 0, 0], [0, 0, 0, 0, 0]]",2,[],1b28ef06-046f-4f6c-91fc-ea28c853dc7f
"[[2, 1, 0, 0, 0], [0, 0, 0, 0, 0], [0, 0, 0, 0, 0], [0, 0, 0, 0, 0], [0, 0, 0, 0, 0]]","[[2, 1, 0, 0, 0], [0, 0, 0, 0, 0], [0, 0, 0, 0, 0], [0, 0, 0, 0, 0], [0, 0, 0, 0, 0]]",1,[],1b28ef06-046f-4f6c-91fc-ea28c853dc7f
"[[2, 1, 0, 0, 0], [0, 0, 0, 0, 0], [0, 0, 0, 0, 0], [0, 0, 0, 0, 0], [0, 0, 0, 0, 0]]","[[2, 1, 0, 0, 0], [0, 0, 0, 0, 0], [0, 0, 0, 0, 0], [0, 0, 0, 0, 0], [0, 0, 0, 0, 0]]",2,[],1b28ef06-046f-4f6c-91fc-ea28c853dc7f
"[[2, 1, 0, 0, 0], [0, 0, 0, 0, 0], [0, 0, 0, 0, 0], [0, 0, 0, 0, 0], [0, 0, 0, 0, 0]]","[[2, 1, 0, 0, 0], [0, 0, 0, 0, 0], [0, 0, 0, 0, 0], [0, 0, 0, 0, 0], [0, 0, 0, 0, 0]]",1,[],1b28ef06-046f-4f6c-91fc-ea28c853dc7f
"[[2, 1, 0, 0, 0], [0, 0, 0, 0, 0], [0, 0, 0, 0, 0], [0, 0, 0, 0, 0], [0, 0, 0, 0, 0]]","[[2, 1, 0, 0, 0], [0, 0, 0, 0, 0], [0, 0, 0, 0, 0], [0, 0, 0, 0, 0], [0, 0, 0, 0, 0]]",2,[],1b28ef06-046f-4f6c-91fc-ea28c853dc7f
"[[2, 1, 0, 0, 0], [0, 0, 0, 0, 0], [0, 0, 0, 0, 0], [0, 0, 0, 0, 0], [0, 0, 0, 0, 0]]","[[2, 1, 0, 0, 0], [0, 0, 0, 0, 0], [0, 0, 0, 0, 0], [0, 0, 0, 0, 0], [0, 0, 0, 0, 0]]",1,[],1b28ef06-046f-4f6c-91fc-ea28c853dc7f
"[[2, 1, 0, 0, 0], [0, 0, 0, 0, 0], [0, 0, 0, 0, 0], [0, 0, 0, 0, 0], [0, 0, 0, 0, 0]]","[[2, 1, 0, 0, 0], [0, 0, 0, 0, 0], [0, 0, 0, 0, 0], [0, 0, 0, 0, 0], [0, 0, 0, 0, 0]]",2,[],1b28ef06-046f-4f6c-91fc-ea28c853dc7f
"[[2, 1, 0, 0, 0], [0, 0, 0, 0, 0], [0, 0, 0, 0, 0], [0, 0, 0, 0, 0], [0, 0, 0, 0, 0]]","[[2, 1, 1, 0, 0], [0, 0, 0, 0, 0], [0, 0, 0, 0, 0], [0, 0, 0, 0, 0], [0, 0, 0, 0, 0]]",1,['use_command'],1b28ef06-046f-4f6c-91fc-ea28c853dc7f
"[[2, 1, 1, 0, 0], [0, 0, 0, 0, 0], [0, 0, 0, 0, 0], [0, 0, 0, 0, 0], [0, 0, 0, 0, 0]]","[[2, 1, 1, 0, 0], [0, 0, 0, 0, 0], [0, 0, 0, 0, 0], [0, 0, 0, 0, 0], [0, 0, 0, 0, 0]]",2,[],1b28ef06-046f-4f6c-91fc-ea28c853dc7f
"[[2, 1, 1, 0, 0], [0, 0, 0, 0, 0], [0, 0, 0, 0, 0], [0, 0, 0, 0, 0], [0, 0, 0, 0, 0]]","[[2, 1, 1, 0, 0], [0, 0, 0, 0, 0], [0, 0, 0, 0, 0], [0, 0, 0, 0, 0], [0, 0, 0, 0, 0]]",1,[],1b28ef06-046f-4f6c-91fc-ea28c853dc7f
"[[2, 1, 1, 0, 0], [0, 0, 0, 0, 0], [0, 0, 0, 0, 0], [0, 0, 0, 0, 0], [0, 0, 0, 0, 0]]","[[2, 1, 1, 0, 0], [0, 0, 0, 0, 0], [0, 0, 0, 0, 0], [0, 0, 0, 0, 0], [0, 0, 0, 0, 0]]",2,[],1b28ef06-046f-4f6c-91fc-ea28c853dc7f
"[[2, 1, 1, 0, 0], [0, 0, 0, 0, 0], [0, 0, 0, 0, 0], [0, 0, 0, 0, 0], [0, 0, 0, 0, 0]]","[[2, 1, 1, 1, 0], [0, 0, 0, 0, 0], [0, 0, 0, 0, 0], [0, 0, 0, 0, 0], [0, 0, 0, 0, 0]]",1,['set_command'],1b28ef06-046f-4f6c-91fc-ea28c853dc7f
"[[2, 1, 1, 1, 0], [0, 0, 0, 0, 0], [0, 0, 0, 0, 0], [0, 0, 0, 0, 0], [0, 0, 0, 0, 0]]","[[2, 1, 1, 1, 0], [0, 0, 0, 0, 0], [0, 0, 0, 0, 0], [0, 0, 0, 0, 0], [0, 0, 0, 0, 0]]",2,[],1b28ef06-046f-4f6c-91fc-ea28c853dc7f
"[[2, 1, 1, 1, 0], [0, 0, 0, 0, 0], [0, 0, 0, 0, 0], [0, 0, 0, 0, 0], [0, 0, 0, 0, 0]]","[[2, 1, 1, 1, 0], [0, 0, 0, 0, 0], [0, 0, 0, 0, 0], [0, 0, 0, 0, 0], [0, 0, 0, 0, 0]]",1,[],1b28ef06-046f-4f6c-91fc-ea28c853dc7f
"[[2, 1, 1, 1, 0], [0, 0, 0, 0, 0], [0, 0, 0, 0, 0], [0, 0, 0, 0, 0], [0, 0, 0, 0, 0]]","[[2, 1, 1, 1, 0], [0, 0, 0, 0, 0], [0, 0, 0, 0, 0], [0, 0, 0, 0, 0], [0, 0, 0, 0, 0]]",2,[],1b28ef06-046f-4f6c-91fc-ea28c853dc7f
"[[2, 1, 1, 1, 0], [0, 0, 0, 0, 0], [0, 0, 0, 0, 0], [0, 0, 0, 0, 0], [0, 0, 0, 0, 0]]","[[2, 1, 1, 1, 1], [0, 0, 0, 0, 0], [0, 0, 0, 0, 0], [0, 0, 0, 0, 0], [0, 0, 0, 0, 0]]",1,['exploit_command'],1b28ef06-046f-4f6c-91fc-ea28c853dc7f
