"[[0, 0, 0], [0, 0, 0], [0, 0, 0]]","[[0, 0, 0], [0, 0, 0], [0, 0, 0]]",1,[],79f2314c-045e-40f7-94ce-ca1406b889ee
"[[0, 0, 0], [0, 0, 0], [0, 0, 0]]","[[0, 0, 0], [0, 0, 0], [0, 0, 0]]",2,[],79f2314c-045e-40f7-94ce-ca1406b889ee
"[[0, 0, 0], [0, 0, 0], [0, 0, 0]]","[[0, 0, 0], [0, 0, 0], [0, 0, 0]]",1,[],79f2314c-045e-40f7-94ce-ca1406b889ee
"[[0, 0, 0], [0, 0, 0], [0, 0, 0]]","[[0, 0, 0], [0, 0, 0], [0, 0, 0]]",2,[],79f2314c-045e-40f7-94ce-ca1406b889ee
"[[0, 0, 0], [0, 0, 0], [0, 0, 0]]","[[1, 0, 0], [0, 0, 0], [0, 0, 0]]",1,['scan_command'],79f2314c-045e-40f7-94ce-ca1406b889ee
"[[1, 0, 0], [0, 0, 0], [0, 0, 0]]","[[1, 0, 0], [0, 0, 0], [0, 0, 0]]",2,[],79f2314c-045e-40f7-94ce-ca1406b889ee
"[[1, 0, 0], [0, 0, 0], [0, 0, 0]]","[[1, 0, 0], [0, 0, 0], [0, 0, 0]]",1,[],79f2314c-045e-40f7-94ce-ca1406b889ee
"[[1, 0, 0], [0, 0, 0], [0, 0, 0]]","[[1, 0, 0], [0, 0, 0], [0, 0, 0]]",2,[],79f2314c-045e-40f7-94ce-ca1406b889ee
"[[1, 0, 0], [0, 0, 0], [0, 0, 0]]","[[1, 0, 0], [0, 0, 0], [0, 0, 0]]",1,[],79f2314c-045e-40f7-94ce-ca1406b889ee
"[[1, 0, 0], [0, 0, 0], [0, 0, 0]]","[[1, 0, 0], [0, 0, 0], [0, 0, 0]]",2,[],79f2314c-045e-40f7-94ce-ca1406b889ee
"[[1, 0, 0], [0, 0, 0], [0, 0, 0]]","[[1, 0, 0], [0, 0, 0], [0, 0, 0]]",1,[],79f2314c-045e-40f7-94ce-ca1406b889ee
"[[1, 0, 0], [0, 0, 0], [0, 0, 0]]","[[1, 0, 0], [0, 0, 0], [0, 0, 0]]",2,[],79f2314c-045e-40f7-94ce-ca1406b889ee
"[[1, 0, 0], [0, 0, 0], [0, 0, 0]]","[[1, 0, 0], [0, 0, 0], [0, 0, 0]]",1,[],79f2314c-045e-40f7-94ce-ca1406b889ee
"[[1, 0, 0], [0, 0, 0], [0, 0, 0]]","[[1, 0, 0], [0, 0, 0], [0, 0, 0]]",2,[],79f2314c-045e-40f7-94ce-ca1406b889ee
"[[1, 0, 0], [0, 0, 0], [0, 0, 0]]","[[1, 0, 0], [0, 0, 0], [0, 0, 0]]",1,[],79f2314c-045e-40f7-94ce-ca1406b889ee
"[[1, 0, 0], [0, 0, 0], [0, 0, 0]]","[[1, 0, 0], [0, 0, 0], [0, 0, 0]]",2,[],79f2314c-045e-40f7-94ce-ca1406b889ee
"[[1, 0, 0], [0, 0, 0], [0, 0, 0]]","[[1, 0, 0], [0, 0, 0], [0, 0, 0]]",1,[],79f2314c-045e-40f7-94ce-ca1406b889ee
"[[1, 0, 0], [0, 0, 0], [0, 0, 0]]","[[1, 0, 0], [0, 0, 0], [0, 0, 0]]",2,[],79f2314c-045e-40f7-94ce-ca1406b889ee
"[[1, 0, 0], [0, 0, 0], [0, 0, 0]]","[[1, 1, 0], [0, 0, 0], [0, 0, 0]]",1,"['use_command', 'set_command']",79f2314c-045e-40f7-94ce-ca1406b889ee
"[[1, 1, 0], [0, 0, 0], [0, 0, 0]]","[[1, 1, 0], [0, 0, 0], [0, 0, 0]]",2,[],79f2314c-045e-40f7-94ce-ca1406b889ee
"[[1, 1, 0], [0, 0, 0], [0, 0, 0]]","[[1, 1, 0], [0, 0, 0], [0, 0, 0]]",1,[],79f2314c-045e-40f7-94ce-ca1406b889ee
"[[1, 1, 0], [0, 0, 0], [0, 0, 0]]","[[1, 1, 0], [0, 2, 0], [0, 0, 0]]",2,['nop_command'],79f2314c-045e-40f7-94ce-ca1406b889ee
"[[1, 1, 0], [0, 2, 0], [0, 0, 0]]","[[1, 1, 0], [0, 2, 0], [0, 0, 0]]",1,[],79f2314c-045e-40f7-94ce-ca1406b889ee
"[[1, 1, 0], [0, 2, 0], [0, 0, 0]]","[[1, 1, 0], [0, 2, 0], [2, 0, 0]]",2,['nop_command'],79f2314c-045e-40f7-94ce-ca1406b889ee
"[[1, 1, 0], [0, 2, 0], [2, 0, 0]]","[[1, 1, 0], [0, 2, 0], [2, 0, 0]]",1,[],79f2314c-045e-40f7-94ce-ca1406b889ee
"[[1, 1, 0], [0, 2, 0], [2, 0, 0]]","[[1, 1, 2], [0, 2, 0], [2, 0, 0]]",2,['kill_daemon_command'],79f2314c-045e-40f7-94ce-ca1406b889ee
"[[0, 0, 0], [0, 0, 0], [0, 0, 0]]","[[0, 0, 0], [0, 0, 0], [0, 0, 0]]",1,[],3aac2132-0319-4923-9e48-26042ff2dc71
"[[0, 0, 0], [0, 0, 0], [0, 0, 0]]","[[0, 0, 0], [0, 0, 0], [0, 0, 0]]",2,[],3aac2132-0319-4923-9e48-26042ff2dc71
"[[0, 0, 0], [0, 0, 0], [0, 0, 0]]","[[1, 0, 0], [0, 0, 0], [0, 0, 0]]",1,['scan_command'],3aac2132-0319-4923-9e48-26042ff2dc71
"[[1, 0, 0], [0, 0, 0], [0, 0, 0]]","[[1, 0, 0], [0, 0, 0], [0, 0, 2]]",2,['nop_command'],3aac2132-0319-4923-9e48-26042ff2dc71
"[[1, 0, 0], [0, 0, 0], [0, 0, 2]]","[[1, 0, 0], [0, 0, 0], [0, 0, 2]]",1,[],3aac2132-0319-4923-9e48-26042ff2dc71
"[[1, 0, 0], [0, 0, 0], [0, 0, 2]]","[[1, 0, 0], [0, 0, 0], [0, 0, 2]]",2,[],3aac2132-0319-4923-9e48-26042ff2dc71
"[[1, 0, 0], [0, 0, 0], [0, 0, 2]]","[[1, 0, 0], [0, 0, 0], [0, 0, 2]]",1,[],3aac2132-0319-4923-9e48-26042ff2dc71
"[[1, 0, 0], [0, 0, 0], [0, 0, 2]]","[[1, 0, 0], [0, 0, 0], [0, 2, 2]]",2,['nop_command'],3aac2132-0319-4923-9e48-26042ff2dc71
"[[1, 0, 0], [0, 0, 0], [0, 2, 2]]","[[1, 0, 0], [0, 0, 0], [0, 2, 2]]",1,[],3aac2132-0319-4923-9e48-26042ff2dc71
"[[1, 0, 0], [0, 0, 0], [0, 2, 2]]","[[1, 0, 0], [0, 0, 0], [0, 2, 2]]",2,[],3aac2132-0319-4923-9e48-26042ff2dc71
"[[1, 0, 0], [0, 0, 0], [0, 2, 2]]","[[1, 0, 0], [0, 0, 0], [0, 2, 2]]",1,[],3aac2132-0319-4923-9e48-26042ff2dc71
"[[1, 0, 0], [0, 0, 0], [0, 2, 2]]","[[1, 0, 0], [0, 0, 0], [0, 2, 2]]",2,[],3aac2132-0319-4923-9e48-26042ff2dc71
"[[1, 0, 0], [0, 0, 0], [0, 2, 2]]","[[1, 0, 0], [0, 0, 0], [0, 2, 2]]",1,[],3aac2132-0319-4923-9e48-26042ff2dc71
"[[1, 0, 0], [0, 0, 0], [0, 2, 2]]","[[1, 0, 0], [0, 0, 0], [0, 2, 2]]",2,[],3aac2132-0319-4923-9e48-26042ff2dc71
"[[1, 0, 0], [0, 0, 0], [0, 2, 2]]","[[1, 0, 0], [0, 0, 0], [0, 2, 2]]",1,[],3aac2132-0319-4923-9e48-26042ff2dc71
"[[1, 0, 0], [0, 0, 0], [0, 2, 2]]","[[1, 0, 0], [0, 0, 0], [0, 2, 2]]",2,[],3aac2132-0319-4923-9e48-26042ff2dc71
"[[1, 0, 0], [0, 0, 0], [0, 2, 2]]","[[1, 0, 0], [0, 0, 0], [0, 2, 2]]",1,[],3aac2132-0319-4923-9e48-26042ff2dc71
"[[1, 0, 0], [0, 0, 0], [0, 2, 2]]","[[1, 0, 0], [0, 0, 0], [0, 2, 2]]",2,[],3aac2132-0319-4923-9e48-26042ff2dc71
"[[1, 0, 0], [0, 0, 0], [0, 2, 2]]","[[1, 0, 0], [0, 0, 0], [0, 2, 2]]",1,[],3aac2132-0319-4923-9e48-26042ff2dc71
"[[1, 0, 0], [0, 0, 0], [0, 2, 2]]","[[1, 0, 0], [0, 0, 0], [0, 2, 2]]",2,[],3aac2132-0319-4923-9e48-26042ff2dc71
"[[1, 0, 0], [0, 0, 0], [0, 2, 2]]","[[1, 0, 0], [0, 0, 0], [0, 2, 2]]",1,[],3aac2132-0319-4923-9e48-26042ff2dc71
"[[1, 0, 0], [0, 0, 0], [0, 2, 2]]","[[1, 0, 0], [0, 0, 0], [0, 2, 2]]",2,[],3aac2132-0319-4923-9e48-26042ff2dc71
"[[1, 0, 0], [0, 0, 0], [0, 2, 2]]","[[1, 0, 0], [0, 0, 0], [1, 2, 2]]",1,['nop_command'],3aac2132-0319-4923-9e48-26042ff2dc71
"[[1, 0, 0], [0, 0, 0], [1, 2, 2]]","[[1, 0, 0], [0, 0, 0], [1, 2, 2]]",2,[],3aac2132-0319-4923-9e48-26042ff2dc71
"[[1, 0, 0], [0, 0, 0], [1, 2, 2]]","[[1, 0, 0], [0, 0, 0], [1, 2, 2]]",1,[],3aac2132-0319-4923-9e48-26042ff2dc71
"[[1, 0, 0], [0, 0, 0], [1, 2, 2]]","[[1, 0, 0], [0, 0, 0], [1, 2, 2]]",2,[],3aac2132-0319-4923-9e48-26042ff2dc71
"[[1, 0, 0], [0, 0, 0], [1, 2, 2]]","[[1, 0, 0], [0, 0, 0], [1, 2, 2]]",1,[],3aac2132-0319-4923-9e48-26042ff2dc71
"[[1, 0, 0], [0, 0, 0], [1, 2, 2]]","[[1, 0, 0], [0, 0, 0], [1, 2, 2]]",2,[],3aac2132-0319-4923-9e48-26042ff2dc71
"[[1, 0, 0], [0, 0, 0], [1, 2, 2]]","[[1, 0, 0], [0, 0, 0], [1, 2, 2]]",1,[],3aac2132-0319-4923-9e48-26042ff2dc71
"[[1, 0, 0], [0, 0, 0], [1, 2, 2]]","[[1, 0, 0], [0, 0, 0], [1, 2, 2]]",2,[],3aac2132-0319-4923-9e48-26042ff2dc71
"[[1, 0, 0], [0, 0, 0], [1, 2, 2]]","[[1, 0, 0], [0, 0, 0], [1, 2, 2]]",1,[],3aac2132-0319-4923-9e48-26042ff2dc71
"[[1, 0, 0], [0, 0, 0], [1, 2, 2]]","[[1, 0, 0], [0, 0, 0], [1, 2, 2]]",2,[],3aac2132-0319-4923-9e48-26042ff2dc71
"[[1, 0, 0], [0, 0, 0], [1, 2, 2]]","[[1, 0, 0], [0, 0, 0], [1, 2, 2]]",1,[],3aac2132-0319-4923-9e48-26042ff2dc71
"[[1, 0, 0], [0, 0, 0], [1, 2, 2]]","[[1, 0, 0], [0, 0, 0], [1, 2, 2]]",2,[],3aac2132-0319-4923-9e48-26042ff2dc71
"[[1, 0, 0], [0, 0, 0], [1, 2, 2]]","[[1, 0, 0], [0, 0, 0], [1, 2, 2]]",1,[],3aac2132-0319-4923-9e48-26042ff2dc71
"[[1, 0, 0], [0, 0, 0], [1, 2, 2]]","[[1, 0, 0], [2, 0, 0], [1, 2, 2]]",2,['kill_process_command'],3aac2132-0319-4923-9e48-26042ff2dc71
"[[1, 0, 0], [2, 0, 0], [1, 2, 2]]","[[1, 0, 0], [2, 0, 0], [1, 2, 2]]",1,[],3aac2132-0319-4923-9e48-26042ff2dc71
"[[1, 0, 0], [2, 0, 0], [1, 2, 2]]","[[1, 0, 0], [2, 0, 0], [1, 2, 2]]",2,[],3aac2132-0319-4923-9e48-26042ff2dc71
"[[1, 0, 0], [2, 0, 0], [1, 2, 2]]","[[1, 0, 0], [2, 0, 0], [1, 2, 2]]",1,[],3aac2132-0319-4923-9e48-26042ff2dc71
"[[1, 0, 0], [2, 0, 0], [1, 2, 2]]","[[1, 0, 0], [2, 0, 0], [1, 2, 2]]",2,[],3aac2132-0319-4923-9e48-26042ff2dc71
"[[1, 0, 0], [2, 0, 0], [1, 2, 2]]","[[1, 0, 0], [2, 0, 0], [1, 2, 2]]",1,[],3aac2132-0319-4923-9e48-26042ff2dc71
"[[1, 0, 0], [2, 0, 0], [1, 2, 2]]","[[1, 0, 0], [2, 0, 0], [1, 2, 2]]",2,[],3aac2132-0319-4923-9e48-26042ff2dc71
"[[1, 0, 0], [2, 0, 0], [1, 2, 2]]","[[1, 0, 0], [2, 0, 0], [1, 2, 2]]",1,[],3aac2132-0319-4923-9e48-26042ff2dc71
"[[1, 0, 0], [2, 0, 0], [1, 2, 2]]","[[1, 0, 0], [2, 0, 0], [1, 2, 2]]",2,[],3aac2132-0319-4923-9e48-26042ff2dc71
"[[1, 0, 0], [2, 0, 0], [1, 2, 2]]","[[1, 0, 0], [2, 0, 0], [1, 2, 2]]",1,[],3aac2132-0319-4923-9e48-26042ff2dc71
"[[1, 0, 0], [2, 0, 0], [1, 2, 2]]","[[1, 0, 0], [2, 0, 0], [1, 2, 2]]",2,[],3aac2132-0319-4923-9e48-26042ff2dc71
"[[1, 0, 0], [2, 0, 0], [1, 2, 2]]","[[1, 0, 0], [2, 0, 0], [1, 2, 2]]",1,[],3aac2132-0319-4923-9e48-26042ff2dc71
"[[1, 0, 0], [2, 0, 0], [1, 2, 2]]","[[1, 0, 0], [2, 0, 0], [1, 2, 2]]",2,[],3aac2132-0319-4923-9e48-26042ff2dc71
"[[1, 0, 0], [2, 0, 0], [1, 2, 2]]","[[1, 0, 0], [2, 0, 0], [1, 2, 2]]",1,[],3aac2132-0319-4923-9e48-26042ff2dc71
"[[1, 0, 0], [2, 0, 0], [1, 2, 2]]","[[1, 0, 2], [2, 0, 0], [1, 2, 2]]",2,['nop_command'],3aac2132-0319-4923-9e48-26042ff2dc71
"[[1, 0, 2], [2, 0, 0], [1, 2, 2]]","[[1, 0, 2], [2, 0, 0], [1, 2, 2]]",1,[],3aac2132-0319-4923-9e48-26042ff2dc71
"[[1, 0, 2], [2, 0, 0], [1, 2, 2]]","[[1, 0, 2], [2, 0, 0], [1, 2, 2]]",2,[],3aac2132-0319-4923-9e48-26042ff2dc71
"[[1, 0, 2], [2, 0, 0], [1, 2, 2]]","[[1, 0, 2], [2, 0, 0], [1, 2, 2]]",1,[],3aac2132-0319-4923-9e48-26042ff2dc71
"[[1, 0, 2], [2, 0, 0], [1, 2, 2]]","[[1, 0, 2], [2, 0, 0], [1, 2, 2]]",2,[],3aac2132-0319-4923-9e48-26042ff2dc71
"[[1, 0, 2], [2, 0, 0], [1, 2, 2]]","[[1, 0, 2], [2, 0, 0], [1, 2, 2]]",1,[],3aac2132-0319-4923-9e48-26042ff2dc71
"[[1, 0, 2], [2, 0, 0], [1, 2, 2]]","[[1, 0, 2], [2, 2, 0], [1, 2, 2]]",2,['nop_command'],3aac2132-0319-4923-9e48-26042ff2dc71
"[[1, 0, 2], [2, 2, 0], [1, 2, 2]]","[[1, 0, 2], [2, 2, 0], [1, 2, 2]]",1,[],3aac2132-0319-4923-9e48-26042ff2dc71
"[[1, 0, 2], [2, 2, 0], [1, 2, 2]]","[[1, 0, 2], [2, 2, 0], [1, 2, 2]]",2,[],3aac2132-0319-4923-9e48-26042ff2dc71
"[[1, 0, 2], [2, 2, 0], [1, 2, 2]]","[[1, 0, 2], [2, 2, 0], [1, 2, 2]]",1,[],3aac2132-0319-4923-9e48-26042ff2dc71
"[[1, 0, 2], [2, 2, 0], [1, 2, 2]]","[[1, 0, 2], [2, 2, 0], [1, 2, 2]]",2,[],3aac2132-0319-4923-9e48-26042ff2dc71
"[[1, 0, 2], [2, 2, 0], [1, 2, 2]]","[[1, 0, 2], [2, 2, 0], [1, 2, 2]]",1,[],3aac2132-0319-4923-9e48-26042ff2dc71
"[[1, 0, 2], [2, 2, 0], [1, 2, 2]]","[[1, 2, 2], [2, 2, 0], [1, 2, 2]]",2,['kill_daemon_command'],3aac2132-0319-4923-9e48-26042ff2dc71
"[[0, 0, 0], [0, 0, 0], [0, 0, 0]]","[[0, 0, 0], [0, 0, 0], [0, 0, 0]]",1,[],c38ccebd-7ab3-4367-90b3-1c806436eace
"[[0, 0, 0], [0, 0, 0], [0, 0, 0]]","[[0, 0, 0], [0, 0, 0], [0, 0, 0]]",2,[],c38ccebd-7ab3-4367-90b3-1c806436eace
"[[0, 0, 0], [0, 0, 0], [0, 0, 0]]","[[0, 0, 0], [0, 0, 0], [0, 0, 0]]",1,[],c38ccebd-7ab3-4367-90b3-1c806436eace
"[[0, 0, 0], [0, 0, 0], [0, 0, 0]]","[[0, 0, 0], [0, 0, 0], [0, 0, 0]]",2,[],c38ccebd-7ab3-4367-90b3-1c806436eace
"[[0, 0, 0], [0, 0, 0], [0, 0, 0]]","[[0, 0, 0], [0, 0, 0], [0, 0, 0]]",1,[],c38ccebd-7ab3-4367-90b3-1c806436eace
"[[0, 0, 0], [0, 0, 0], [0, 0, 0]]","[[0, 0, 0], [0, 0, 0], [0, 0, 0]]",2,[],c38ccebd-7ab3-4367-90b3-1c806436eace
"[[0, 0, 0], [0, 0, 0], [0, 0, 0]]","[[0, 0, 0], [0, 0, 0], [0, 0, 0]]",1,[],c38ccebd-7ab3-4367-90b3-1c806436eace
"[[0, 0, 0], [0, 0, 0], [0, 0, 0]]","[[0, 0, 0], [0, 0, 0], [0, 0, 0]]",2,[],c38ccebd-7ab3-4367-90b3-1c806436eace
"[[0, 0, 0], [0, 0, 0], [0, 0, 0]]","[[0, 0, 0], [0, 0, 0], [0, 0, 0]]",1,[],c38ccebd-7ab3-4367-90b3-1c806436eace
"[[0, 0, 0], [0, 0, 0], [0, 0, 0]]","[[0, 0, 0], [0, 0, 0], [0, 0, 0]]",2,[],c38ccebd-7ab3-4367-90b3-1c806436eace
"[[0, 0, 0], [0, 0, 0], [0, 0, 0]]","[[0, 0, 0], [0, 0, 0], [0, 0, 0]]",1,[],c38ccebd-7ab3-4367-90b3-1c806436eace
"[[0, 0, 0], [0, 0, 0], [0, 0, 0]]","[[0, 0, 0], [0, 0, 0], [0, 0, 0]]",2,[],c38ccebd-7ab3-4367-90b3-1c806436eace
"[[0, 0, 0], [0, 0, 0], [0, 0, 0]]","[[0, 0, 0], [0, 0, 0], [0, 0, 0]]",1,[],c38ccebd-7ab3-4367-90b3-1c806436eace
"[[0, 0, 0], [0, 0, 0], [0, 0, 0]]","[[0, 0, 0], [0, 0, 0], [0, 0, 0]]",2,[],c38ccebd-7ab3-4367-90b3-1c806436eace
"[[0, 0, 0], [0, 0, 0], [0, 0, 0]]","[[0, 0, 0], [0, 0, 0], [0, 0, 0]]",1,[],c38ccebd-7ab3-4367-90b3-1c806436eace
"[[0, 0, 0], [0, 0, 0], [0, 0, 0]]","[[0, 0, 0], [0, 0, 0], [0, 2, 0]]",2,['nop_command'],c38ccebd-7ab3-4367-90b3-1c806436eace
"[[0, 0, 0], [0, 0, 0], [0, 2, 0]]","[[0, 0, 0], [0, 0, 0], [0, 2, 0]]",1,[],c38ccebd-7ab3-4367-90b3-1c806436eace
"[[0, 0, 0], [0, 0, 0], [0, 2, 0]]","[[0, 0, 0], [0, 0, 0], [0, 2, 0]]",2,[],c38ccebd-7ab3-4367-90b3-1c806436eace
"[[0, 0, 0], [0, 0, 0], [0, 2, 0]]","[[0, 0, 0], [0, 0, 0], [0, 2, 0]]",1,[],c38ccebd-7ab3-4367-90b3-1c806436eace
"[[0, 0, 0], [0, 0, 0], [0, 2, 0]]","[[0, 0, 0], [0, 0, 0], [0, 2, 0]]",2,[],c38ccebd-7ab3-4367-90b3-1c806436eace
"[[0, 0, 0], [0, 0, 0], [0, 2, 0]]","[[0, 1, 0], [0, 0, 0], [0, 2, 0]]",1,['scan_command'],c38ccebd-7ab3-4367-90b3-1c806436eace
"[[0, 1, 0], [0, 0, 0], [0, 2, 0]]","[[0, 1, 0], [0, 0, 0], [0, 2, 0]]",2,[],c38ccebd-7ab3-4367-90b3-1c806436eace
"[[0, 1, 0], [0, 0, 0], [0, 2, 0]]","[[1, 1, 0], [0, 0, 0], [0, 2, 0]]",1,"['use_command', 'set_command']",c38ccebd-7ab3-4367-90b3-1c806436eace
"[[1, 1, 0], [0, 0, 0], [0, 2, 0]]","[[1, 1, 0], [0, 0, 0], [0, 2, 0]]",2,[],c38ccebd-7ab3-4367-90b3-1c806436eace
"[[1, 1, 0], [0, 0, 0], [0, 2, 0]]","[[1, 1, 0], [0, 0, 0], [0, 2, 0]]",1,[],c38ccebd-7ab3-4367-90b3-1c806436eace
"[[1, 1, 0], [0, 0, 0], [0, 2, 0]]","[[1, 1, 0], [0, 0, 0], [0, 2, 0]]",2,[],c38ccebd-7ab3-4367-90b3-1c806436eace
"[[1, 1, 0], [0, 0, 0], [0, 2, 0]]","[[1, 1, 0], [0, 0, 0], [0, 2, 0]]",1,[],c38ccebd-7ab3-4367-90b3-1c806436eace
"[[1, 1, 0], [0, 0, 0], [0, 2, 0]]","[[1, 1, 0], [0, 0, 0], [0, 2, 0]]",2,[],c38ccebd-7ab3-4367-90b3-1c806436eace
"[[1, 1, 0], [0, 0, 0], [0, 2, 0]]","[[1, 1, 0], [0, 0, 0], [0, 2, 0]]",1,[],c38ccebd-7ab3-4367-90b3-1c806436eace
"[[1, 1, 0], [0, 0, 0], [0, 2, 0]]","[[1, 1, 0], [0, 0, 2], [0, 2, 0]]",2,['nop_command'],c38ccebd-7ab3-4367-90b3-1c806436eace
"[[1, 1, 0], [0, 0, 2], [0, 2, 0]]","[[1, 1, 0], [0, 0, 2], [0, 2, 0]]",1,[],c38ccebd-7ab3-4367-90b3-1c806436eace
"[[1, 1, 0], [0, 0, 2], [0, 2, 0]]","[[1, 1, 0], [0, 0, 2], [0, 2, 0]]",2,[],c38ccebd-7ab3-4367-90b3-1c806436eace
"[[1, 1, 0], [0, 0, 2], [0, 2, 0]]","[[1, 1, 0], [0, 0, 2], [0, 2, 0]]",1,[],c38ccebd-7ab3-4367-90b3-1c806436eace
"[[1, 1, 0], [0, 0, 2], [0, 2, 0]]","[[1, 1, 0], [0, 0, 2], [0, 2, 2]]",2,['nop_command'],c38ccebd-7ab3-4367-90b3-1c806436eace
"[[1, 1, 0], [0, 0, 2], [0, 2, 2]]","[[1, 1, 0], [0, 0, 2], [0, 2, 2]]",1,[],c38ccebd-7ab3-4367-90b3-1c806436eace
"[[1, 1, 0], [0, 0, 2], [0, 2, 2]]","[[1, 1, 0], [0, 0, 2], [0, 2, 2]]",2,[],c38ccebd-7ab3-4367-90b3-1c806436eace
"[[1, 1, 0], [0, 0, 2], [0, 2, 2]]","[[1, 1, 0], [0, 0, 2], [0, 2, 2]]",1,[],c38ccebd-7ab3-4367-90b3-1c806436eace
"[[1, 1, 0], [0, 0, 2], [0, 2, 2]]","[[1, 1, 0], [0, 0, 2], [0, 2, 2]]",2,[],c38ccebd-7ab3-4367-90b3-1c806436eace
"[[1, 1, 0], [0, 0, 2], [0, 2, 2]]","[[1, 1, 0], [0, 0, 2], [0, 2, 2]]",1,[],c38ccebd-7ab3-4367-90b3-1c806436eace
"[[1, 1, 0], [0, 0, 2], [0, 2, 2]]","[[1, 1, 0], [0, 0, 2], [0, 2, 2]]",2,[],c38ccebd-7ab3-4367-90b3-1c806436eace
"[[1, 1, 0], [0, 0, 2], [0, 2, 2]]","[[1, 1, 0], [0, 0, 2], [0, 2, 2]]",1,[],c38ccebd-7ab3-4367-90b3-1c806436eace
"[[1, 1, 0], [0, 0, 2], [0, 2, 2]]","[[1, 1, 0], [0, 0, 2], [0, 2, 2]]",2,[],c38ccebd-7ab3-4367-90b3-1c806436eace
"[[1, 1, 0], [0, 0, 2], [0, 2, 2]]","[[1, 1, 0], [0, 0, 2], [0, 2, 2]]",1,[],c38ccebd-7ab3-4367-90b3-1c806436eace
"[[1, 1, 0], [0, 0, 2], [0, 2, 2]]","[[1, 1, 0], [0, 0, 2], [0, 2, 2]]",2,[],c38ccebd-7ab3-4367-90b3-1c806436eace
"[[1, 1, 0], [0, 0, 2], [0, 2, 2]]","[[1, 1, 0], [0, 0, 2], [0, 2, 2]]",1,[],c38ccebd-7ab3-4367-90b3-1c806436eace
"[[1, 1, 0], [0, 0, 2], [0, 2, 2]]","[[1, 1, 0], [0, 0, 2], [0, 2, 2]]",2,[],c38ccebd-7ab3-4367-90b3-1c806436eace
"[[1, 1, 0], [0, 0, 2], [0, 2, 2]]","[[1, 1, 1], [0, 0, 2], [0, 2, 2]]",1,['exploit_command'],c38ccebd-7ab3-4367-90b3-1c806436eace
"[[0, 0, 0], [0, 0, 0], [0, 0, 0]]","[[0, 0, 0], [0, 0, 0], [0, 0, 0]]",1,[],2346ce18-40d4-432f-8302-c29ea89f3b29
"[[0, 0, 0], [0, 0, 0], [0, 0, 0]]","[[0, 0, 0], [0, 0, 0], [0, 0, 0]]",2,[],2346ce18-40d4-432f-8302-c29ea89f3b29
"[[0, 0, 0], [0, 0, 0], [0, 0, 0]]","[[0, 0, 0], [0, 0, 0], [0, 0, 0]]",1,[],2346ce18-40d4-432f-8302-c29ea89f3b29
"[[0, 0, 0], [0, 0, 0], [0, 0, 0]]","[[0, 0, 0], [0, 0, 0], [0, 0, 0]]",2,[],2346ce18-40d4-432f-8302-c29ea89f3b29
"[[0, 0, 0], [0, 0, 0], [0, 0, 0]]","[[0, 0, 0], [0, 0, 0], [0, 0, 0]]",1,[],2346ce18-40d4-432f-8302-c29ea89f3b29
"[[0, 0, 0], [0, 0, 0], [0, 0, 0]]","[[0, 0, 0], [0, 0, 0], [0, 0, 0]]",2,[],2346ce18-40d4-432f-8302-c29ea89f3b29
"[[0, 0, 0], [0, 0, 0], [0, 0, 0]]","[[0, 0, 0], [0, 0, 0], [0, 0, 0]]",1,[],2346ce18-40d4-432f-8302-c29ea89f3b29
"[[0, 0, 0], [0, 0, 0], [0, 0, 0]]","[[0, 0, 0], [0, 0, 0], [0, 0, 0]]",2,[],2346ce18-40d4-432f-8302-c29ea89f3b29
"[[0, 0, 0], [0, 0, 0], [0, 0, 0]]","[[0, 0, 0], [0, 0, 0], [0, 0, 0]]",1,[],2346ce18-40d4-432f-8302-c29ea89f3b29
"[[0, 0, 0], [0, 0, 0], [0, 0, 0]]","[[0, 0, 0], [0, 0, 0], [0, 0, 0]]",2,[],2346ce18-40d4-432f-8302-c29ea89f3b29
"[[0, 0, 0], [0, 0, 0], [0, 0, 0]]","[[0, 0, 0], [0, 0, 0], [0, 0, 0]]",1,[],2346ce18-40d4-432f-8302-c29ea89f3b29
"[[0, 0, 0], [0, 0, 0], [0, 0, 0]]","[[0, 0, 0], [0, 0, 0], [0, 0, 0]]",2,[],2346ce18-40d4-432f-8302-c29ea89f3b29
"[[0, 0, 0], [0, 0, 0], [0, 0, 0]]","[[0, 0, 0], [0, 0, 0], [0, 0, 0]]",1,[],2346ce18-40d4-432f-8302-c29ea89f3b29
"[[0, 0, 0], [0, 0, 0], [0, 0, 0]]","[[0, 0, 0], [0, 0, 0], [0, 0, 0]]",2,[],2346ce18-40d4-432f-8302-c29ea89f3b29
"[[0, 0, 0], [0, 0, 0], [0, 0, 0]]","[[0, 0, 0], [0, 0, 0], [0, 0, 0]]",1,[],2346ce18-40d4-432f-8302-c29ea89f3b29
"[[0, 0, 0], [0, 0, 0], [0, 0, 0]]","[[0, 0, 0], [0, 0, 0], [0, 0, 0]]",2,[],2346ce18-40d4-432f-8302-c29ea89f3b29
"[[0, 0, 0], [0, 0, 0], [0, 0, 0]]","[[0, 0, 0], [0, 0, 0], [0, 0, 0]]",1,[],2346ce18-40d4-432f-8302-c29ea89f3b29
"[[0, 0, 0], [0, 0, 0], [0, 0, 0]]","[[0, 0, 0], [0, 0, 0], [0, 0, 0]]",2,[],2346ce18-40d4-432f-8302-c29ea89f3b29
"[[0, 0, 0], [0, 0, 0], [0, 0, 0]]","[[0, 0, 0], [0, 0, 0], [0, 0, 0]]",1,[],2346ce18-40d4-432f-8302-c29ea89f3b29
"[[0, 0, 0], [0, 0, 0], [0, 0, 0]]","[[0, 0, 0], [0, 0, 0], [0, 0, 0]]",2,[],2346ce18-40d4-432f-8302-c29ea89f3b29
"[[0, 0, 0], [0, 0, 0], [0, 0, 0]]","[[0, 0, 0], [0, 0, 0], [0, 0, 0]]",1,[],2346ce18-40d4-432f-8302-c29ea89f3b29
"[[0, 0, 0], [0, 0, 0], [0, 0, 0]]","[[0, 0, 0], [0, 0, 0], [0, 0, 0]]",2,[],2346ce18-40d4-432f-8302-c29ea89f3b29
"[[0, 0, 0], [0, 0, 0], [0, 0, 0]]","[[1, 0, 0], [0, 0, 0], [0, 0, 0]]",1,['scan_command'],2346ce18-40d4-432f-8302-c29ea89f3b29
"[[1, 0, 0], [0, 0, 0], [0, 0, 0]]","[[1, 0, 0], [0, 0, 0], [0, 0, 0]]",2,[],2346ce18-40d4-432f-8302-c29ea89f3b29
"[[1, 0, 0], [0, 0, 0], [0, 0, 0]]","[[1, 0, 0], [0, 0, 0], [0, 0, 0]]",1,[],2346ce18-40d4-432f-8302-c29ea89f3b29
"[[1, 0, 0], [0, 0, 0], [0, 0, 0]]","[[1, 0, 0], [0, 0, 0], [0, 0, 0]]",2,[],2346ce18-40d4-432f-8302-c29ea89f3b29
"[[1, 0, 0], [0, 0, 0], [0, 0, 0]]","[[1, 0, 0], [0, 0, 0], [0, 0, 0]]",1,[],2346ce18-40d4-432f-8302-c29ea89f3b29
"[[1, 0, 0], [0, 0, 0], [0, 0, 0]]","[[1, 0, 0], [0, 0, 0], [0, 2, 0]]",2,['nop_command'],2346ce18-40d4-432f-8302-c29ea89f3b29
"[[1, 0, 0], [0, 0, 0], [0, 2, 0]]","[[1, 0, 0], [0, 0, 0], [0, 2, 0]]",1,[],2346ce18-40d4-432f-8302-c29ea89f3b29
"[[1, 0, 0], [0, 0, 0], [0, 2, 0]]","[[1, 0, 0], [0, 0, 0], [0, 2, 0]]",2,[],2346ce18-40d4-432f-8302-c29ea89f3b29
"[[1, 0, 0], [0, 0, 0], [0, 2, 0]]","[[1, 0, 0], [0, 0, 0], [0, 2, 0]]",1,[],2346ce18-40d4-432f-8302-c29ea89f3b29
"[[1, 0, 0], [0, 0, 0], [0, 2, 0]]","[[1, 0, 0], [2, 0, 0], [0, 2, 0]]",2,['nop_command'],2346ce18-40d4-432f-8302-c29ea89f3b29
"[[1, 0, 0], [2, 0, 0], [0, 2, 0]]","[[1, 0, 0], [2, 0, 0], [0, 2, 0]]",1,[],2346ce18-40d4-432f-8302-c29ea89f3b29
"[[1, 0, 0], [2, 0, 0], [0, 2, 0]]","[[1, 0, 0], [2, 0, 0], [0, 2, 0]]",2,[],2346ce18-40d4-432f-8302-c29ea89f3b29
"[[1, 0, 0], [2, 0, 0], [0, 2, 0]]","[[1, 0, 0], [2, 0, 0], [0, 2, 0]]",1,[],2346ce18-40d4-432f-8302-c29ea89f3b29
"[[1, 0, 0], [2, 0, 0], [0, 2, 0]]","[[1, 0, 0], [2, 0, 0], [0, 2, 2]]",2,['nop_command'],2346ce18-40d4-432f-8302-c29ea89f3b29
"[[1, 0, 0], [2, 0, 0], [0, 2, 2]]","[[1, 0, 0], [2, 0, 0], [0, 2, 2]]",1,[],2346ce18-40d4-432f-8302-c29ea89f3b29
"[[1, 0, 0], [2, 0, 0], [0, 2, 2]]","[[1, 0, 0], [2, 0, 0], [2, 2, 2]]",2,['kill_daemon_command'],2346ce18-40d4-432f-8302-c29ea89f3b29
"[[0, 0, 0], [0, 0, 0], [0, 0, 0]]","[[0, 0, 0], [0, 0, 0], [0, 0, 0]]",1,[],fd92e313-9cdc-41b5-89f8-fa7c17069ffb
"[[0, 0, 0], [0, 0, 0], [0, 0, 0]]","[[0, 0, 0], [0, 0, 0], [0, 0, 0]]",2,[],fd92e313-9cdc-41b5-89f8-fa7c17069ffb
"[[0, 0, 0], [0, 0, 0], [0, 0, 0]]","[[0, 0, 0], [0, 0, 0], [0, 0, 0]]",1,[],fd92e313-9cdc-41b5-89f8-fa7c17069ffb
"[[0, 0, 0], [0, 0, 0], [0, 0, 0]]","[[0, 0, 0], [0, 0, 0], [0, 0, 0]]",2,[],fd92e313-9cdc-41b5-89f8-fa7c17069ffb
"[[0, 0, 0], [0, 0, 0], [0, 0, 0]]","[[0, 0, 0], [0, 0, 0], [0, 0, 0]]",1,[],fd92e313-9cdc-41b5-89f8-fa7c17069ffb
"[[0, 0, 0], [0, 0, 0], [0, 0, 0]]","[[0, 0, 0], [0, 0, 0], [0, 0, 0]]",2,[],fd92e313-9cdc-41b5-89f8-fa7c17069ffb
"[[0, 0, 0], [0, 0, 0], [0, 0, 0]]","[[0, 0, 0], [0, 0, 0], [0, 0, 0]]",1,[],fd92e313-9cdc-41b5-89f8-fa7c17069ffb
"[[0, 0, 0], [0, 0, 0], [0, 0, 0]]","[[0, 0, 0], [0, 0, 0], [0, 0, 0]]",2,[],fd92e313-9cdc-41b5-89f8-fa7c17069ffb
"[[0, 0, 0], [0, 0, 0], [0, 0, 0]]","[[0, 0, 0], [0, 0, 0], [0, 0, 0]]",1,[],fd92e313-9cdc-41b5-89f8-fa7c17069ffb
"[[0, 0, 0], [0, 0, 0], [0, 0, 0]]","[[0, 0, 0], [0, 0, 0], [0, 0, 0]]",2,[],fd92e313-9cdc-41b5-89f8-fa7c17069ffb
"[[0, 0, 0], [0, 0, 0], [0, 0, 0]]","[[0, 0, 0], [0, 0, 0], [0, 0, 0]]",1,[],fd92e313-9cdc-41b5-89f8-fa7c17069ffb
"[[0, 0, 0], [0, 0, 0], [0, 0, 0]]","[[0, 0, 0], [0, 0, 0], [0, 0, 0]]",2,[],fd92e313-9cdc-41b5-89f8-fa7c17069ffb
"[[0, 0, 0], [0, 0, 0], [0, 0, 0]]","[[0, 0, 0], [0, 0, 0], [0, 0, 0]]",1,[],fd92e313-9cdc-41b5-89f8-fa7c17069ffb
"[[0, 0, 0], [0, 0, 0], [0, 0, 0]]","[[0, 0, 0], [0, 0, 0], [0, 2, 0]]",2,['nop_command'],fd92e313-9cdc-41b5-89f8-fa7c17069ffb
"[[0, 0, 0], [0, 0, 0], [0, 2, 0]]","[[0, 0, 0], [0, 0, 0], [0, 2, 0]]",1,[],fd92e313-9cdc-41b5-89f8-fa7c17069ffb
"[[0, 0, 0], [0, 0, 0], [0, 2, 0]]","[[0, 0, 0], [2, 0, 0], [0, 2, 0]]",2,['nop_command'],fd92e313-9cdc-41b5-89f8-fa7c17069ffb
"[[0, 0, 0], [2, 0, 0], [0, 2, 0]]","[[0, 0, 0], [2, 0, 0], [0, 2, 0]]",1,[],fd92e313-9cdc-41b5-89f8-fa7c17069ffb
"[[0, 0, 0], [2, 0, 0], [0, 2, 0]]","[[0, 0, 0], [2, 0, 0], [0, 2, 0]]",2,[],fd92e313-9cdc-41b5-89f8-fa7c17069ffb
"[[0, 0, 0], [2, 0, 0], [0, 2, 0]]","[[0, 0, 0], [2, 0, 0], [0, 2, 0]]",1,[],fd92e313-9cdc-41b5-89f8-fa7c17069ffb
"[[0, 0, 0], [2, 0, 0], [0, 2, 0]]","[[0, 0, 0], [2, 0, 0], [0, 2, 0]]",2,[],fd92e313-9cdc-41b5-89f8-fa7c17069ffb
"[[0, 0, 0], [2, 0, 0], [0, 2, 0]]","[[0, 0, 0], [2, 0, 0], [0, 2, 0]]",1,[],fd92e313-9cdc-41b5-89f8-fa7c17069ffb
"[[0, 0, 0], [2, 0, 0], [0, 2, 0]]","[[0, 0, 0], [2, 0, 0], [2, 2, 0]]",2,['nop_command'],fd92e313-9cdc-41b5-89f8-fa7c17069ffb
"[[0, 0, 0], [2, 0, 0], [2, 2, 0]]","[[0, 0, 0], [2, 0, 0], [2, 2, 0]]",1,[],fd92e313-9cdc-41b5-89f8-fa7c17069ffb
"[[0, 0, 0], [2, 0, 0], [2, 2, 0]]","[[0, 0, 0], [2, 0, 0], [2, 2, 0]]",2,[],fd92e313-9cdc-41b5-89f8-fa7c17069ffb
"[[0, 0, 0], [2, 0, 0], [2, 2, 0]]","[[0, 0, 0], [2, 0, 0], [2, 2, 0]]",1,[],fd92e313-9cdc-41b5-89f8-fa7c17069ffb
"[[0, 0, 0], [2, 0, 0], [2, 2, 0]]","[[0, 0, 0], [2, 0, 0], [2, 2, 0]]",2,[],fd92e313-9cdc-41b5-89f8-fa7c17069ffb
"[[0, 0, 0], [2, 0, 0], [2, 2, 0]]","[[0, 0, 0], [2, 0, 0], [2, 2, 0]]",1,[],fd92e313-9cdc-41b5-89f8-fa7c17069ffb
"[[0, 0, 0], [2, 0, 0], [2, 2, 0]]","[[0, 0, 0], [2, 0, 0], [2, 2, 0]]",2,[],fd92e313-9cdc-41b5-89f8-fa7c17069ffb
"[[0, 0, 0], [2, 0, 0], [2, 2, 0]]","[[0, 0, 0], [2, 0, 0], [2, 2, 0]]",1,[],fd92e313-9cdc-41b5-89f8-fa7c17069ffb
"[[0, 0, 0], [2, 0, 0], [2, 2, 0]]","[[0, 0, 0], [2, 0, 0], [2, 2, 0]]",2,[],fd92e313-9cdc-41b5-89f8-fa7c17069ffb
"[[0, 0, 0], [2, 0, 0], [2, 2, 0]]","[[0, 0, 0], [2, 0, 0], [2, 2, 0]]",1,[],fd92e313-9cdc-41b5-89f8-fa7c17069ffb
"[[0, 0, 0], [2, 0, 0], [2, 2, 0]]","[[0, 0, 0], [2, 0, 0], [2, 2, 0]]",2,[],fd92e313-9cdc-41b5-89f8-fa7c17069ffb
"[[0, 0, 0], [2, 0, 0], [2, 2, 0]]","[[0, 0, 0], [2, 0, 0], [2, 2, 0]]",1,[],fd92e313-9cdc-41b5-89f8-fa7c17069ffb
"[[0, 0, 0], [2, 0, 0], [2, 2, 0]]","[[0, 0, 0], [2, 0, 0], [2, 2, 2]]",2,['kill_daemon_command'],fd92e313-9cdc-41b5-89f8-fa7c17069ffb
"[[0, 0, 0], [0, 0, 0], [0, 0, 0]]","[[0, 0, 0], [0, 0, 0], [0, 0, 0]]",1,[],7f01a736-75ec-4060-94eb-01e52e235621
"[[0, 0, 0], [0, 0, 0], [0, 0, 0]]","[[0, 0, 0], [0, 0, 0], [0, 0, 0]]",2,[],7f01a736-75ec-4060-94eb-01e52e235621
"[[0, 0, 0], [0, 0, 0], [0, 0, 0]]","[[0, 0, 0], [0, 0, 0], [0, 0, 0]]",1,[],7f01a736-75ec-4060-94eb-01e52e235621
"[[0, 0, 0], [0, 0, 0], [0, 0, 0]]","[[0, 0, 0], [0, 0, 0], [0, 0, 0]]",2,[],7f01a736-75ec-4060-94eb-01e52e235621
"[[0, 0, 0], [0, 0, 0], [0, 0, 0]]","[[0, 0, 0], [0, 0, 0], [0, 0, 0]]",1,[],7f01a736-75ec-4060-94eb-01e52e235621
"[[0, 0, 0], [0, 0, 0], [0, 0, 0]]","[[0, 0, 0], [0, 0, 0], [0, 0, 0]]",2,[],7f01a736-75ec-4060-94eb-01e52e235621
"[[0, 0, 0], [0, 0, 0], [0, 0, 0]]","[[0, 0, 0], [0, 0, 0], [0, 0, 0]]",1,[],7f01a736-75ec-4060-94eb-01e52e235621
"[[0, 0, 0], [0, 0, 0], [0, 0, 0]]","[[0, 0, 0], [0, 0, 0], [0, 0, 0]]",2,[],7f01a736-75ec-4060-94eb-01e52e235621
"[[0, 0, 0], [0, 0, 0], [0, 0, 0]]","[[0, 0, 0], [0, 0, 0], [0, 0, 0]]",1,[],7f01a736-75ec-4060-94eb-01e52e235621
"[[0, 0, 0], [0, 0, 0], [0, 0, 0]]","[[0, 0, 0], [0, 0, 0], [0, 0, 0]]",2,[],7f01a736-75ec-4060-94eb-01e52e235621
"[[0, 0, 0], [0, 0, 0], [0, 0, 0]]","[[0, 0, 0], [0, 0, 0], [0, 0, 0]]",1,[],7f01a736-75ec-4060-94eb-01e52e235621
"[[0, 0, 0], [0, 0, 0], [0, 0, 0]]","[[0, 0, 0], [0, 0, 0], [0, 0, 0]]",2,[],7f01a736-75ec-4060-94eb-01e52e235621
"[[0, 0, 0], [0, 0, 0], [0, 0, 0]]","[[0, 0, 0], [0, 0, 0], [0, 0, 0]]",1,[],7f01a736-75ec-4060-94eb-01e52e235621
"[[0, 0, 0], [0, 0, 0], [0, 0, 0]]","[[0, 0, 0], [0, 0, 0], [0, 0, 0]]",2,[],7f01a736-75ec-4060-94eb-01e52e235621
"[[0, 0, 0], [0, 0, 0], [0, 0, 0]]","[[0, 0, 0], [0, 0, 0], [0, 0, 0]]",1,[],7f01a736-75ec-4060-94eb-01e52e235621
"[[0, 0, 0], [0, 0, 0], [0, 0, 0]]","[[0, 0, 0], [0, 0, 0], [0, 2, 0]]",2,['nop_command'],7f01a736-75ec-4060-94eb-01e52e235621
"[[0, 0, 0], [0, 0, 0], [0, 2, 0]]","[[0, 0, 0], [0, 0, 0], [0, 2, 0]]",1,[],7f01a736-75ec-4060-94eb-01e52e235621
"[[0, 0, 0], [0, 0, 0], [0, 2, 0]]","[[0, 0, 0], [0, 0, 0], [0, 2, 0]]",2,[],7f01a736-75ec-4060-94eb-01e52e235621
"[[0, 0, 0], [0, 0, 0], [0, 2, 0]]","[[0, 0, 0], [0, 0, 0], [0, 2, 0]]",1,[],7f01a736-75ec-4060-94eb-01e52e235621
"[[0, 0, 0], [0, 0, 0], [0, 2, 0]]","[[0, 0, 0], [0, 0, 0], [0, 2, 0]]",2,[],7f01a736-75ec-4060-94eb-01e52e235621
"[[0, 0, 0], [0, 0, 0], [0, 2, 0]]","[[0, 0, 0], [0, 0, 0], [0, 2, 0]]",1,[],7f01a736-75ec-4060-94eb-01e52e235621
"[[0, 0, 0], [0, 0, 0], [0, 2, 0]]","[[0, 0, 0], [0, 0, 0], [0, 2, 0]]",2,[],7f01a736-75ec-4060-94eb-01e52e235621
"[[0, 0, 0], [0, 0, 0], [0, 2, 0]]","[[0, 0, 0], [0, 0, 0], [0, 2, 0]]",1,[],7f01a736-75ec-4060-94eb-01e52e235621
"[[0, 0, 0], [0, 0, 0], [0, 2, 0]]","[[0, 0, 0], [0, 0, 0], [0, 2, 0]]",2,[],7f01a736-75ec-4060-94eb-01e52e235621
"[[0, 0, 0], [0, 0, 0], [0, 2, 0]]","[[0, 0, 0], [0, 0, 0], [0, 2, 0]]",1,[],7f01a736-75ec-4060-94eb-01e52e235621
"[[0, 0, 0], [0, 0, 0], [0, 2, 0]]","[[0, 0, 0], [0, 0, 0], [0, 2, 0]]",2,[],7f01a736-75ec-4060-94eb-01e52e235621
"[[0, 0, 0], [0, 0, 0], [0, 2, 0]]","[[0, 0, 0], [0, 0, 0], [0, 2, 0]]",1,[],7f01a736-75ec-4060-94eb-01e52e235621
"[[0, 0, 0], [0, 0, 0], [0, 2, 0]]","[[0, 0, 0], [0, 0, 0], [0, 2, 0]]",2,[],7f01a736-75ec-4060-94eb-01e52e235621
"[[0, 0, 0], [0, 0, 0], [0, 2, 0]]","[[0, 0, 0], [0, 0, 0], [0, 2, 0]]",1,[],7f01a736-75ec-4060-94eb-01e52e235621
"[[0, 0, 0], [0, 0, 0], [0, 2, 0]]","[[0, 0, 0], [0, 0, 0], [0, 2, 0]]",2,[],7f01a736-75ec-4060-94eb-01e52e235621
"[[0, 0, 0], [0, 0, 0], [0, 2, 0]]","[[0, 0, 0], [0, 0, 0], [0, 2, 0]]",1,[],7f01a736-75ec-4060-94eb-01e52e235621
"[[0, 0, 0], [0, 0, 0], [0, 2, 0]]","[[0, 0, 0], [0, 0, 0], [0, 2, 0]]",2,[],7f01a736-75ec-4060-94eb-01e52e235621
"[[0, 0, 0], [0, 0, 0], [0, 2, 0]]","[[0, 0, 0], [0, 0, 0], [0, 2, 0]]",1,[],7f01a736-75ec-4060-94eb-01e52e235621
"[[0, 0, 0], [0, 0, 0], [0, 2, 0]]","[[0, 0, 0], [0, 0, 0], [0, 2, 0]]",2,[],7f01a736-75ec-4060-94eb-01e52e235621
"[[0, 0, 0], [0, 0, 0], [0, 2, 0]]","[[0, 0, 0], [0, 0, 0], [0, 2, 0]]",1,[],7f01a736-75ec-4060-94eb-01e52e235621
"[[0, 0, 0], [0, 0, 0], [0, 2, 0]]","[[0, 0, 0], [0, 0, 0], [0, 2, 0]]",2,[],7f01a736-75ec-4060-94eb-01e52e235621
"[[0, 0, 0], [0, 0, 0], [0, 2, 0]]","[[0, 0, 0], [0, 0, 0], [0, 2, 0]]",1,[],7f01a736-75ec-4060-94eb-01e52e235621
"[[0, 0, 0], [0, 0, 0], [0, 2, 0]]","[[0, 0, 0], [0, 0, 0], [0, 2, 0]]",2,[],7f01a736-75ec-4060-94eb-01e52e235621
"[[0, 0, 0], [0, 0, 0], [0, 2, 0]]","[[0, 0, 0], [0, 0, 0], [0, 2, 0]]",1,[],7f01a736-75ec-4060-94eb-01e52e235621
"[[0, 0, 0], [0, 0, 0], [0, 2, 0]]","[[0, 0, 0], [0, 0, 0], [0, 2, 0]]",2,[],7f01a736-75ec-4060-94eb-01e52e235621
"[[0, 0, 0], [0, 0, 0], [0, 2, 0]]","[[0, 0, 0], [0, 0, 0], [0, 2, 0]]",1,[],7f01a736-75ec-4060-94eb-01e52e235621
"[[0, 0, 0], [0, 0, 0], [0, 2, 0]]","[[0, 0, 0], [0, 0, 0], [0, 2, 0]]",2,[],7f01a736-75ec-4060-94eb-01e52e235621
"[[0, 0, 0], [0, 0, 0], [0, 2, 0]]","[[0, 0, 0], [0, 0, 0], [0, 2, 0]]",1,[],7f01a736-75ec-4060-94eb-01e52e235621
"[[0, 0, 0], [0, 0, 0], [0, 2, 0]]","[[0, 0, 0], [0, 0, 0], [0, 2, 0]]",2,[],7f01a736-75ec-4060-94eb-01e52e235621
"[[0, 0, 0], [0, 0, 0], [0, 2, 0]]","[[0, 0, 0], [0, 0, 0], [0, 2, 0]]",1,[],7f01a736-75ec-4060-94eb-01e52e235621
"[[0, 0, 0], [0, 0, 0], [0, 2, 0]]","[[0, 0, 0], [0, 0, 0], [0, 2, 0]]",2,[],7f01a736-75ec-4060-94eb-01e52e235621
"[[0, 0, 0], [0, 0, 0], [0, 2, 0]]","[[0, 1, 0], [0, 0, 0], [0, 2, 0]]",1,['scan_command'],7f01a736-75ec-4060-94eb-01e52e235621
"[[0, 1, 0], [0, 0, 0], [0, 2, 0]]","[[0, 1, 0], [0, 0, 0], [0, 2, 0]]",2,[],7f01a736-75ec-4060-94eb-01e52e235621
"[[0, 1, 0], [0, 0, 0], [0, 2, 0]]","[[0, 1, 0], [0, 0, 0], [0, 2, 0]]",1,[],7f01a736-75ec-4060-94eb-01e52e235621
"[[0, 1, 0], [0, 0, 0], [0, 2, 0]]","[[0, 1, 0], [0, 0, 0], [0, 2, 0]]",2,[],7f01a736-75ec-4060-94eb-01e52e235621
"[[0, 1, 0], [0, 0, 0], [0, 2, 0]]","[[0, 1, 0], [0, 0, 0], [0, 2, 0]]",1,[],7f01a736-75ec-4060-94eb-01e52e235621
"[[0, 1, 0], [0, 0, 0], [0, 2, 0]]","[[0, 1, 0], [0, 0, 0], [0, 2, 0]]",2,[],7f01a736-75ec-4060-94eb-01e52e235621
"[[0, 1, 0], [0, 0, 0], [0, 2, 0]]","[[0, 1, 0], [0, 0, 0], [0, 2, 0]]",1,[],7f01a736-75ec-4060-94eb-01e52e235621
"[[0, 1, 0], [0, 0, 0], [0, 2, 0]]","[[0, 1, 0], [0, 0, 0], [0, 2, 0]]",2,[],7f01a736-75ec-4060-94eb-01e52e235621
"[[0, 1, 0], [0, 0, 0], [0, 2, 0]]","[[0, 1, 0], [0, 0, 0], [0, 2, 0]]",1,[],7f01a736-75ec-4060-94eb-01e52e235621
"[[0, 1, 0], [0, 0, 0], [0, 2, 0]]","[[0, 1, 0], [0, 0, 0], [0, 2, 0]]",2,[],7f01a736-75ec-4060-94eb-01e52e235621
"[[0, 1, 0], [0, 0, 0], [0, 2, 0]]","[[0, 1, 0], [0, 0, 0], [0, 2, 0]]",1,[],7f01a736-75ec-4060-94eb-01e52e235621
"[[0, 1, 0], [0, 0, 0], [0, 2, 0]]","[[0, 1, 0], [0, 0, 0], [0, 2, 0]]",2,[],7f01a736-75ec-4060-94eb-01e52e235621
"[[0, 1, 0], [0, 0, 0], [0, 2, 0]]","[[0, 1, 0], [0, 0, 0], [0, 2, 0]]",1,[],7f01a736-75ec-4060-94eb-01e52e235621
"[[0, 1, 0], [0, 0, 0], [0, 2, 0]]","[[0, 1, 0], [0, 0, 0], [0, 2, 0]]",2,[],7f01a736-75ec-4060-94eb-01e52e235621
"[[0, 1, 0], [0, 0, 0], [0, 2, 0]]","[[0, 1, 0], [0, 0, 0], [0, 2, 0]]",1,[],7f01a736-75ec-4060-94eb-01e52e235621
"[[0, 1, 0], [0, 0, 0], [0, 2, 0]]","[[0, 1, 0], [0, 0, 0], [0, 2, 0]]",2,[],7f01a736-75ec-4060-94eb-01e52e235621
"[[0, 1, 0], [0, 0, 0], [0, 2, 0]]","[[0, 1, 0], [0, 0, 0], [0, 2, 0]]",1,[],7f01a736-75ec-4060-94eb-01e52e235621
"[[0, 1, 0], [0, 0, 0], [0, 2, 0]]","[[0, 1, 0], [0, 0, 0], [0, 2, 0]]",2,[],7f01a736-75ec-4060-94eb-01e52e235621
"[[0, 1, 0], [0, 0, 0], [0, 2, 0]]","[[0, 1, 0], [0, 0, 0], [0, 2, 0]]",1,[],7f01a736-75ec-4060-94eb-01e52e235621
"[[0, 1, 0], [0, 0, 0], [0, 2, 0]]","[[0, 1, 0], [0, 0, 2], [0, 2, 0]]",2,['nop_command'],7f01a736-75ec-4060-94eb-01e52e235621
"[[0, 1, 0], [0, 0, 2], [0, 2, 0]]","[[0, 1, 0], [0, 0, 2], [0, 2, 0]]",1,[],7f01a736-75ec-4060-94eb-01e52e235621
"[[0, 1, 0], [0, 0, 2], [0, 2, 0]]","[[0, 1, 0], [0, 0, 2], [0, 2, 0]]",2,[],7f01a736-75ec-4060-94eb-01e52e235621
"[[0, 1, 0], [0, 0, 2], [0, 2, 0]]","[[0, 1, 0], [0, 0, 2], [0, 2, 0]]",1,[],7f01a736-75ec-4060-94eb-01e52e235621
"[[0, 1, 0], [0, 0, 2], [0, 2, 0]]","[[0, 1, 0], [0, 0, 2], [0, 2, 2]]",2,['nop_command'],7f01a736-75ec-4060-94eb-01e52e235621
"[[0, 1, 0], [0, 0, 2], [0, 2, 2]]","[[0, 1, 0], [0, 0, 2], [0, 2, 2]]",1,[],7f01a736-75ec-4060-94eb-01e52e235621
"[[0, 1, 0], [0, 0, 2], [0, 2, 2]]","[[0, 1, 0], [0, 0, 2], [0, 2, 2]]",2,[],7f01a736-75ec-4060-94eb-01e52e235621
"[[0, 1, 0], [0, 0, 2], [0, 2, 2]]","[[0, 1, 0], [0, 0, 2], [0, 2, 2]]",1,[],7f01a736-75ec-4060-94eb-01e52e235621
"[[0, 1, 0], [0, 0, 2], [0, 2, 2]]","[[0, 1, 0], [0, 0, 2], [0, 2, 2]]",2,[],7f01a736-75ec-4060-94eb-01e52e235621
"[[0, 1, 0], [0, 0, 2], [0, 2, 2]]","[[0, 1, 0], [0, 0, 2], [0, 2, 2]]",1,[],7f01a736-75ec-4060-94eb-01e52e235621
"[[0, 1, 0], [0, 0, 2], [0, 2, 2]]","[[0, 1, 0], [0, 0, 2], [0, 2, 2]]",2,[],7f01a736-75ec-4060-94eb-01e52e235621
"[[0, 1, 0], [0, 0, 2], [0, 2, 2]]","[[0, 1, 0], [0, 0, 2], [0, 2, 2]]",1,[],7f01a736-75ec-4060-94eb-01e52e235621
"[[0, 1, 0], [0, 0, 2], [0, 2, 2]]","[[0, 1, 0], [0, 0, 2], [0, 2, 2]]",2,[],7f01a736-75ec-4060-94eb-01e52e235621
"[[0, 1, 0], [0, 0, 2], [0, 2, 2]]","[[0, 1, 0], [0, 0, 2], [0, 2, 2]]",1,[],7f01a736-75ec-4060-94eb-01e52e235621
"[[0, 1, 0], [0, 0, 2], [0, 2, 2]]","[[0, 1, 0], [0, 0, 2], [0, 2, 2]]",2,[],7f01a736-75ec-4060-94eb-01e52e235621
"[[0, 1, 0], [0, 0, 2], [0, 2, 2]]","[[0, 1, 0], [0, 0, 2], [0, 2, 2]]",1,[],7f01a736-75ec-4060-94eb-01e52e235621
"[[0, 1, 0], [0, 0, 2], [0, 2, 2]]","[[0, 1, 0], [0, 0, 2], [2, 2, 2]]",2,['kill_daemon_command'],7f01a736-75ec-4060-94eb-01e52e235621
"[[0, 0, 0], [0, 0, 0], [0, 0, 0]]","[[0, 0, 0], [0, 0, 0], [0, 0, 0]]",1,[],866825c4-71bf-404c-8850-22300b30b5b4
"[[0, 0, 0], [0, 0, 0], [0, 0, 0]]","[[0, 0, 0], [0, 0, 0], [0, 2, 0]]",2,['nop_command'],866825c4-71bf-404c-8850-22300b30b5b4
"[[0, 0, 0], [0, 0, 0], [0, 2, 0]]","[[0, 0, 0], [0, 0, 0], [0, 2, 0]]",1,[],866825c4-71bf-404c-8850-22300b30b5b4
"[[0, 0, 0], [0, 0, 0], [0, 2, 0]]","[[0, 0, 0], [0, 0, 0], [0, 2, 0]]",2,[],866825c4-71bf-404c-8850-22300b30b5b4
"[[0, 0, 0], [0, 0, 0], [0, 2, 0]]","[[0, 0, 0], [0, 0, 0], [0, 2, 0]]",1,[],866825c4-71bf-404c-8850-22300b30b5b4
"[[0, 0, 0], [0, 0, 0], [0, 2, 0]]","[[0, 0, 0], [2, 0, 0], [0, 2, 0]]",2,['nop_command'],866825c4-71bf-404c-8850-22300b30b5b4
"[[0, 0, 0], [2, 0, 0], [0, 2, 0]]","[[0, 0, 0], [2, 0, 0], [0, 2, 0]]",1,[],866825c4-71bf-404c-8850-22300b30b5b4
"[[0, 0, 0], [2, 0, 0], [0, 2, 0]]","[[0, 0, 0], [2, 0, 0], [0, 2, 0]]",2,[],866825c4-71bf-404c-8850-22300b30b5b4
"[[0, 0, 0], [2, 0, 0], [0, 2, 0]]","[[0, 0, 0], [2, 0, 0], [0, 2, 0]]",1,[],866825c4-71bf-404c-8850-22300b30b5b4
"[[0, 0, 0], [2, 0, 0], [0, 2, 0]]","[[0, 0, 0], [2, 0, 0], [0, 2, 0]]",2,[],866825c4-71bf-404c-8850-22300b30b5b4
"[[0, 0, 0], [2, 0, 0], [0, 2, 0]]","[[1, 0, 0], [2, 0, 0], [0, 2, 0]]",1,['scan_command'],866825c4-71bf-404c-8850-22300b30b5b4
"[[1, 0, 0], [2, 0, 0], [0, 2, 0]]","[[1, 0, 0], [2, 0, 0], [0, 2, 0]]",2,[],866825c4-71bf-404c-8850-22300b30b5b4
"[[1, 0, 0], [2, 0, 0], [0, 2, 0]]","[[1, 0, 0], [2, 0, 0], [0, 2, 0]]",1,[],866825c4-71bf-404c-8850-22300b30b5b4
"[[1, 0, 0], [2, 0, 0], [0, 2, 0]]","[[1, 0, 0], [2, 0, 0], [0, 2, 0]]",2,[],866825c4-71bf-404c-8850-22300b30b5b4
"[[1, 0, 0], [2, 0, 0], [0, 2, 0]]","[[1, 0, 0], [2, 0, 0], [0, 2, 0]]",1,[],866825c4-71bf-404c-8850-22300b30b5b4
"[[1, 0, 0], [2, 0, 0], [0, 2, 0]]","[[1, 0, 0], [2, 0, 0], [0, 2, 2]]",2,['nop_command'],866825c4-71bf-404c-8850-22300b30b5b4
"[[1, 0, 0], [2, 0, 0], [0, 2, 2]]","[[1, 0, 0], [2, 0, 0], [0, 2, 2]]",1,[],866825c4-71bf-404c-8850-22300b30b5b4
"[[1, 0, 0], [2, 0, 0], [0, 2, 2]]","[[1, 0, 0], [2, 0, 0], [2, 2, 2]]",2,['kill_daemon_command'],866825c4-71bf-404c-8850-22300b30b5b4
"[[0, 0, 0], [0, 0, 0], [0, 0, 0]]","[[0, 0, 0], [0, 0, 0], [0, 0, 0]]",1,[],d98a59f7-7536-4835-ac73-80ec7eb510e8
"[[0, 0, 0], [0, 0, 0], [0, 0, 0]]","[[0, 0, 0], [0, 0, 0], [0, 0, 0]]",2,[],d98a59f7-7536-4835-ac73-80ec7eb510e8
"[[0, 0, 0], [0, 0, 0], [0, 0, 0]]","[[0, 0, 0], [0, 0, 0], [0, 0, 0]]",1,[],d98a59f7-7536-4835-ac73-80ec7eb510e8
"[[0, 0, 0], [0, 0, 0], [0, 0, 0]]","[[0, 0, 0], [0, 0, 0], [0, 0, 0]]",2,[],d98a59f7-7536-4835-ac73-80ec7eb510e8
"[[0, 0, 0], [0, 0, 0], [0, 0, 0]]","[[0, 0, 0], [0, 0, 0], [0, 0, 0]]",1,[],d98a59f7-7536-4835-ac73-80ec7eb510e8
"[[0, 0, 0], [0, 0, 0], [0, 0, 0]]","[[0, 0, 0], [0, 0, 0], [0, 0, 0]]",2,[],d98a59f7-7536-4835-ac73-80ec7eb510e8
"[[0, 0, 0], [0, 0, 0], [0, 0, 0]]","[[0, 0, 0], [0, 0, 0], [0, 0, 0]]",1,[],d98a59f7-7536-4835-ac73-80ec7eb510e8
"[[0, 0, 0], [0, 0, 0], [0, 0, 0]]","[[0, 0, 0], [0, 0, 0], [0, 0, 0]]",2,[],d98a59f7-7536-4835-ac73-80ec7eb510e8
"[[0, 0, 0], [0, 0, 0], [0, 0, 0]]","[[0, 0, 0], [0, 0, 0], [0, 0, 0]]",1,[],d98a59f7-7536-4835-ac73-80ec7eb510e8
"[[0, 0, 0], [0, 0, 0], [0, 0, 0]]","[[0, 0, 0], [0, 0, 0], [0, 2, 0]]",2,['nop_command'],d98a59f7-7536-4835-ac73-80ec7eb510e8
"[[0, 0, 0], [0, 0, 0], [0, 2, 0]]","[[0, 0, 0], [0, 0, 0], [0, 2, 0]]",1,[],d98a59f7-7536-4835-ac73-80ec7eb510e8
"[[0, 0, 0], [0, 0, 0], [0, 2, 0]]","[[0, 0, 0], [2, 0, 0], [0, 2, 0]]",2,['nop_command'],d98a59f7-7536-4835-ac73-80ec7eb510e8
"[[0, 0, 0], [2, 0, 0], [0, 2, 0]]","[[0, 0, 0], [2, 0, 0], [0, 2, 0]]",1,[],d98a59f7-7536-4835-ac73-80ec7eb510e8
"[[0, 0, 0], [2, 0, 0], [0, 2, 0]]","[[0, 0, 0], [2, 0, 0], [2, 2, 0]]",2,['nop_command'],d98a59f7-7536-4835-ac73-80ec7eb510e8
"[[0, 0, 0], [2, 0, 0], [2, 2, 0]]","[[0, 0, 0], [2, 0, 0], [2, 2, 0]]",1,[],d98a59f7-7536-4835-ac73-80ec7eb510e8
"[[0, 0, 0], [2, 0, 0], [2, 2, 0]]","[[0, 0, 0], [2, 0, 0], [2, 2, 0]]",2,[],d98a59f7-7536-4835-ac73-80ec7eb510e8
"[[0, 0, 0], [2, 0, 0], [2, 2, 0]]","[[0, 0, 0], [2, 0, 0], [2, 2, 0]]",1,[],d98a59f7-7536-4835-ac73-80ec7eb510e8
"[[0, 0, 0], [2, 0, 0], [2, 2, 0]]","[[0, 0, 0], [2, 0, 0], [2, 2, 0]]",2,[],d98a59f7-7536-4835-ac73-80ec7eb510e8
"[[0, 0, 0], [2, 0, 0], [2, 2, 0]]","[[0, 0, 0], [2, 0, 0], [2, 2, 0]]",1,[],d98a59f7-7536-4835-ac73-80ec7eb510e8
"[[0, 0, 0], [2, 0, 0], [2, 2, 0]]","[[0, 0, 0], [2, 0, 0], [2, 2, 0]]",2,[],d98a59f7-7536-4835-ac73-80ec7eb510e8
"[[0, 0, 0], [2, 0, 0], [2, 2, 0]]","[[0, 0, 0], [2, 0, 0], [2, 2, 0]]",1,[],d98a59f7-7536-4835-ac73-80ec7eb510e8
"[[0, 0, 0], [2, 0, 0], [2, 2, 0]]","[[0, 0, 0], [2, 0, 0], [2, 2, 0]]",2,[],d98a59f7-7536-4835-ac73-80ec7eb510e8
"[[0, 0, 0], [2, 0, 0], [2, 2, 0]]","[[0, 0, 0], [2, 0, 0], [2, 2, 0]]",1,[],d98a59f7-7536-4835-ac73-80ec7eb510e8
"[[0, 0, 0], [2, 0, 0], [2, 2, 0]]","[[0, 0, 0], [2, 0, 0], [2, 2, 2]]",2,['kill_daemon_command'],d98a59f7-7536-4835-ac73-80ec7eb510e8
"[[0, 0, 0], [0, 0, 0], [0, 0, 0]]","[[0, 0, 0], [0, 0, 0], [0, 0, 0]]",1,[],e6a9730e-7699-44cd-b61a-45abb3763856
"[[0, 0, 0], [0, 0, 0], [0, 0, 0]]","[[0, 0, 0], [0, 0, 0], [0, 0, 0]]",2,[],e6a9730e-7699-44cd-b61a-45abb3763856
"[[0, 0, 0], [0, 0, 0], [0, 0, 0]]","[[0, 0, 0], [0, 0, 0], [0, 0, 0]]",1,[],e6a9730e-7699-44cd-b61a-45abb3763856
"[[0, 0, 0], [0, 0, 0], [0, 0, 0]]","[[0, 0, 0], [0, 0, 0], [0, 0, 0]]",2,[],e6a9730e-7699-44cd-b61a-45abb3763856
"[[0, 0, 0], [0, 0, 0], [0, 0, 0]]","[[0, 0, 0], [0, 0, 0], [0, 0, 0]]",1,[],e6a9730e-7699-44cd-b61a-45abb3763856
"[[0, 0, 0], [0, 0, 0], [0, 0, 0]]","[[0, 0, 0], [0, 0, 0], [0, 0, 0]]",2,[],e6a9730e-7699-44cd-b61a-45abb3763856
"[[0, 0, 0], [0, 0, 0], [0, 0, 0]]","[[0, 0, 0], [0, 0, 0], [0, 0, 0]]",1,[],e6a9730e-7699-44cd-b61a-45abb3763856
"[[0, 0, 0], [0, 0, 0], [0, 0, 0]]","[[0, 0, 0], [0, 0, 0], [0, 0, 0]]",2,[],e6a9730e-7699-44cd-b61a-45abb3763856
"[[0, 0, 0], [0, 0, 0], [0, 0, 0]]","[[0, 0, 0], [0, 0, 0], [0, 0, 0]]",1,[],e6a9730e-7699-44cd-b61a-45abb3763856
"[[0, 0, 0], [0, 0, 0], [0, 0, 0]]","[[0, 0, 0], [0, 0, 0], [0, 2, 0]]",2,['nop_command'],e6a9730e-7699-44cd-b61a-45abb3763856
"[[0, 0, 0], [0, 0, 0], [0, 2, 0]]","[[0, 0, 0], [0, 0, 0], [0, 2, 0]]",1,[],e6a9730e-7699-44cd-b61a-45abb3763856
"[[0, 0, 0], [0, 0, 0], [0, 2, 0]]","[[0, 0, 0], [2, 0, 0], [0, 2, 0]]",2,['nop_command'],e6a9730e-7699-44cd-b61a-45abb3763856
"[[0, 0, 0], [2, 0, 0], [0, 2, 0]]","[[0, 0, 0], [2, 0, 0], [0, 2, 0]]",1,[],e6a9730e-7699-44cd-b61a-45abb3763856
"[[0, 0, 0], [2, 0, 0], [0, 2, 0]]","[[0, 0, 0], [2, 0, 0], [0, 2, 0]]",2,[],e6a9730e-7699-44cd-b61a-45abb3763856
"[[0, 0, 0], [2, 0, 0], [0, 2, 0]]","[[0, 0, 0], [2, 0, 0], [0, 2, 0]]",1,[],e6a9730e-7699-44cd-b61a-45abb3763856
"[[0, 0, 0], [2, 0, 0], [0, 2, 0]]","[[0, 0, 0], [2, 0, 0], [0, 2, 0]]",2,[],e6a9730e-7699-44cd-b61a-45abb3763856
"[[0, 0, 0], [2, 0, 0], [0, 2, 0]]","[[0, 0, 0], [2, 0, 0], [0, 2, 0]]",1,[],e6a9730e-7699-44cd-b61a-45abb3763856
"[[0, 0, 0], [2, 0, 0], [0, 2, 0]]","[[0, 0, 0], [2, 0, 0], [0, 2, 0]]",2,[],e6a9730e-7699-44cd-b61a-45abb3763856
"[[0, 0, 0], [2, 0, 0], [0, 2, 0]]","[[0, 0, 0], [2, 0, 0], [0, 2, 0]]",1,[],e6a9730e-7699-44cd-b61a-45abb3763856
"[[0, 0, 0], [2, 0, 0], [0, 2, 0]]","[[0, 0, 0], [2, 0, 0], [2, 2, 0]]",2,['nop_command'],e6a9730e-7699-44cd-b61a-45abb3763856
"[[0, 0, 0], [2, 0, 0], [2, 2, 0]]","[[0, 0, 0], [2, 0, 0], [2, 2, 0]]",1,[],e6a9730e-7699-44cd-b61a-45abb3763856
"[[0, 0, 0], [2, 0, 0], [2, 2, 0]]","[[0, 0, 0], [2, 0, 0], [2, 2, 0]]",2,[],e6a9730e-7699-44cd-b61a-45abb3763856
"[[0, 0, 0], [2, 0, 0], [2, 2, 0]]","[[0, 0, 0], [2, 0, 0], [2, 2, 0]]",1,[],e6a9730e-7699-44cd-b61a-45abb3763856
"[[0, 0, 0], [2, 0, 0], [2, 2, 0]]","[[0, 0, 0], [2, 0, 0], [2, 2, 0]]",2,[],e6a9730e-7699-44cd-b61a-45abb3763856
"[[0, 0, 0], [2, 0, 0], [2, 2, 0]]","[[0, 0, 0], [2, 0, 0], [2, 2, 0]]",1,[],e6a9730e-7699-44cd-b61a-45abb3763856
"[[0, 0, 0], [2, 0, 0], [2, 2, 0]]","[[0, 0, 0], [2, 0, 0], [2, 2, 2]]",2,['kill_daemon_command'],e6a9730e-7699-44cd-b61a-45abb3763856
"[[0, 0, 0], [0, 0, 0], [0, 0, 0]]","[[0, 0, 0], [0, 0, 0], [0, 0, 0]]",1,[],9dc31b63-b2f6-4a8f-b384-1be794b4467e
"[[0, 0, 0], [0, 0, 0], [0, 0, 0]]","[[0, 0, 0], [0, 0, 0], [0, 0, 0]]",2,[],9dc31b63-b2f6-4a8f-b384-1be794b4467e
"[[0, 0, 0], [0, 0, 0], [0, 0, 0]]","[[0, 0, 0], [0, 0, 0], [0, 0, 0]]",1,[],9dc31b63-b2f6-4a8f-b384-1be794b4467e
"[[0, 0, 0], [0, 0, 0], [0, 0, 0]]","[[0, 0, 0], [0, 0, 0], [0, 0, 0]]",2,[],9dc31b63-b2f6-4a8f-b384-1be794b4467e
"[[0, 0, 0], [0, 0, 0], [0, 0, 0]]","[[0, 0, 0], [0, 0, 0], [0, 0, 0]]",1,[],9dc31b63-b2f6-4a8f-b384-1be794b4467e
"[[0, 0, 0], [0, 0, 0], [0, 0, 0]]","[[0, 0, 0], [0, 0, 0], [0, 0, 0]]",2,[],9dc31b63-b2f6-4a8f-b384-1be794b4467e
"[[0, 0, 0], [0, 0, 0], [0, 0, 0]]","[[0, 0, 0], [0, 0, 0], [0, 0, 0]]",1,[],9dc31b63-b2f6-4a8f-b384-1be794b4467e
"[[0, 0, 0], [0, 0, 0], [0, 0, 0]]","[[0, 0, 0], [0, 0, 0], [0, 0, 0]]",2,[],9dc31b63-b2f6-4a8f-b384-1be794b4467e
"[[0, 0, 0], [0, 0, 0], [0, 0, 0]]","[[0, 0, 0], [0, 0, 0], [0, 0, 0]]",1,[],9dc31b63-b2f6-4a8f-b384-1be794b4467e
"[[0, 0, 0], [0, 0, 0], [0, 0, 0]]","[[0, 0, 0], [0, 0, 0], [0, 0, 0]]",2,[],9dc31b63-b2f6-4a8f-b384-1be794b4467e
"[[0, 0, 0], [0, 0, 0], [0, 0, 0]]","[[0, 0, 0], [0, 0, 0], [0, 0, 0]]",1,[],9dc31b63-b2f6-4a8f-b384-1be794b4467e
"[[0, 0, 0], [0, 0, 0], [0, 0, 0]]","[[0, 0, 0], [0, 0, 0], [0, 0, 0]]",2,[],9dc31b63-b2f6-4a8f-b384-1be794b4467e
"[[0, 0, 0], [0, 0, 0], [0, 0, 0]]","[[0, 0, 0], [0, 0, 0], [0, 0, 0]]",1,[],9dc31b63-b2f6-4a8f-b384-1be794b4467e
"[[0, 0, 0], [0, 0, 0], [0, 0, 0]]","[[0, 0, 0], [0, 0, 0], [0, 0, 0]]",2,[],9dc31b63-b2f6-4a8f-b384-1be794b4467e
"[[0, 0, 0], [0, 0, 0], [0, 0, 0]]","[[0, 0, 0], [0, 0, 0], [0, 0, 0]]",1,[],9dc31b63-b2f6-4a8f-b384-1be794b4467e
"[[0, 0, 0], [0, 0, 0], [0, 0, 0]]","[[0, 0, 0], [0, 0, 0], [0, 0, 0]]",2,[],9dc31b63-b2f6-4a8f-b384-1be794b4467e
"[[0, 0, 0], [0, 0, 0], [0, 0, 0]]","[[1, 0, 0], [0, 0, 0], [0, 0, 0]]",1,['scan_command'],9dc31b63-b2f6-4a8f-b384-1be794b4467e
"[[1, 0, 0], [0, 0, 0], [0, 0, 0]]","[[1, 0, 0], [0, 0, 0], [0, 0, 0]]",2,[],9dc31b63-b2f6-4a8f-b384-1be794b4467e
"[[1, 0, 0], [0, 0, 0], [0, 0, 0]]","[[1, 0, 0], [0, 0, 0], [0, 0, 0]]",1,[],9dc31b63-b2f6-4a8f-b384-1be794b4467e
"[[1, 0, 0], [0, 0, 0], [0, 0, 0]]","[[1, 0, 0], [0, 0, 0], [0, 0, 0]]",2,[],9dc31b63-b2f6-4a8f-b384-1be794b4467e
"[[1, 0, 0], [0, 0, 0], [0, 0, 0]]","[[1, 0, 0], [0, 0, 0], [0, 0, 0]]",1,[],9dc31b63-b2f6-4a8f-b384-1be794b4467e
"[[1, 0, 0], [0, 0, 0], [0, 0, 0]]","[[1, 0, 0], [0, 0, 0], [0, 0, 0]]",2,[],9dc31b63-b2f6-4a8f-b384-1be794b4467e
"[[1, 0, 0], [0, 0, 0], [0, 0, 0]]","[[1, 0, 0], [0, 0, 0], [0, 0, 0]]",1,[],9dc31b63-b2f6-4a8f-b384-1be794b4467e
"[[1, 0, 0], [0, 0, 0], [0, 0, 0]]","[[1, 0, 0], [0, 0, 0], [0, 0, 0]]",2,[],9dc31b63-b2f6-4a8f-b384-1be794b4467e
"[[1, 0, 0], [0, 0, 0], [0, 0, 0]]","[[1, 0, 0], [0, 0, 0], [0, 0, 0]]",1,[],9dc31b63-b2f6-4a8f-b384-1be794b4467e
"[[1, 0, 0], [0, 0, 0], [0, 0, 0]]","[[1, 0, 0], [0, 0, 0], [0, 0, 0]]",2,[],9dc31b63-b2f6-4a8f-b384-1be794b4467e
"[[1, 0, 0], [0, 0, 0], [0, 0, 0]]","[[1, 0, 0], [0, 0, 0], [0, 0, 0]]",1,[],9dc31b63-b2f6-4a8f-b384-1be794b4467e
"[[1, 0, 0], [0, 0, 0], [0, 0, 0]]","[[1, 0, 0], [0, 0, 0], [0, 0, 0]]",2,[],9dc31b63-b2f6-4a8f-b384-1be794b4467e
"[[1, 0, 0], [0, 0, 0], [0, 0, 0]]","[[1, 0, 0], [0, 0, 0], [0, 0, 0]]",1,[],9dc31b63-b2f6-4a8f-b384-1be794b4467e
"[[1, 0, 0], [0, 0, 0], [0, 0, 0]]","[[1, 0, 0], [0, 0, 0], [0, 0, 0]]",2,[],9dc31b63-b2f6-4a8f-b384-1be794b4467e
"[[1, 0, 0], [0, 0, 0], [0, 0, 0]]","[[1, 0, 0], [0, 0, 0], [0, 0, 0]]",1,[],9dc31b63-b2f6-4a8f-b384-1be794b4467e
"[[1, 0, 0], [0, 0, 0], [0, 0, 0]]","[[1, 0, 0], [0, 0, 0], [0, 0, 0]]",2,[],9dc31b63-b2f6-4a8f-b384-1be794b4467e
"[[1, 0, 0], [0, 0, 0], [0, 0, 0]]","[[1, 0, 0], [0, 0, 0], [0, 0, 0]]",1,[],9dc31b63-b2f6-4a8f-b384-1be794b4467e
"[[1, 0, 0], [0, 0, 0], [0, 0, 0]]","[[1, 0, 0], [0, 0, 0], [0, 0, 0]]",2,[],9dc31b63-b2f6-4a8f-b384-1be794b4467e
"[[1, 0, 0], [0, 0, 0], [0, 0, 0]]","[[1, 0, 0], [0, 0, 0], [0, 0, 0]]",1,[],9dc31b63-b2f6-4a8f-b384-1be794b4467e
"[[1, 0, 0], [0, 0, 0], [0, 0, 0]]","[[1, 0, 0], [0, 0, 0], [0, 0, 0]]",2,[],9dc31b63-b2f6-4a8f-b384-1be794b4467e
"[[1, 0, 0], [0, 0, 0], [0, 0, 0]]","[[1, 0, 0], [0, 0, 0], [0, 0, 0]]",1,[],9dc31b63-b2f6-4a8f-b384-1be794b4467e
"[[1, 0, 0], [0, 0, 0], [0, 0, 0]]","[[1, 0, 0], [0, 0, 0], [0, 0, 0]]",2,[],9dc31b63-b2f6-4a8f-b384-1be794b4467e
"[[1, 0, 0], [0, 0, 0], [0, 0, 0]]","[[1, 0, 0], [0, 0, 0], [0, 0, 0]]",1,[],9dc31b63-b2f6-4a8f-b384-1be794b4467e
"[[1, 0, 0], [0, 0, 0], [0, 0, 0]]","[[1, 0, 0], [0, 0, 0], [0, 0, 0]]",2,[],9dc31b63-b2f6-4a8f-b384-1be794b4467e
"[[1, 0, 0], [0, 0, 0], [0, 0, 0]]","[[1, 0, 0], [0, 0, 0], [0, 0, 0]]",1,[],9dc31b63-b2f6-4a8f-b384-1be794b4467e
"[[1, 0, 0], [0, 0, 0], [0, 0, 0]]","[[1, 0, 0], [0, 0, 0], [0, 0, 0]]",2,[],9dc31b63-b2f6-4a8f-b384-1be794b4467e
"[[1, 0, 0], [0, 0, 0], [0, 0, 0]]","[[1, 0, 0], [0, 0, 0], [0, 0, 0]]",1,[],9dc31b63-b2f6-4a8f-b384-1be794b4467e
"[[1, 0, 0], [0, 0, 0], [0, 0, 0]]","[[1, 0, 0], [0, 0, 2], [0, 0, 0]]",2,['nop_command'],9dc31b63-b2f6-4a8f-b384-1be794b4467e
"[[1, 0, 0], [0, 0, 2], [0, 0, 0]]","[[1, 0, 0], [0, 0, 2], [0, 0, 0]]",1,[],9dc31b63-b2f6-4a8f-b384-1be794b4467e
"[[1, 0, 0], [0, 0, 2], [0, 0, 0]]","[[1, 0, 0], [0, 0, 2], [0, 0, 0]]",2,[],9dc31b63-b2f6-4a8f-b384-1be794b4467e
"[[1, 0, 0], [0, 0, 2], [0, 0, 0]]","[[1, 0, 0], [0, 0, 2], [0, 0, 0]]",1,[],9dc31b63-b2f6-4a8f-b384-1be794b4467e
"[[1, 0, 0], [0, 0, 2], [0, 0, 0]]","[[1, 0, 0], [0, 0, 2], [0, 0, 0]]",2,[],9dc31b63-b2f6-4a8f-b384-1be794b4467e
"[[1, 0, 0], [0, 0, 2], [0, 0, 0]]","[[1, 0, 0], [0, 0, 2], [0, 0, 0]]",1,[],9dc31b63-b2f6-4a8f-b384-1be794b4467e
"[[1, 0, 0], [0, 0, 2], [0, 0, 0]]","[[1, 0, 0], [0, 0, 2], [0, 0, 0]]",2,[],9dc31b63-b2f6-4a8f-b384-1be794b4467e
"[[1, 0, 0], [0, 0, 2], [0, 0, 0]]","[[1, 0, 0], [0, 0, 2], [0, 0, 0]]",1,[],9dc31b63-b2f6-4a8f-b384-1be794b4467e
"[[1, 0, 0], [0, 0, 2], [0, 0, 0]]","[[1, 0, 0], [0, 0, 2], [0, 0, 0]]",2,[],9dc31b63-b2f6-4a8f-b384-1be794b4467e
"[[1, 0, 0], [0, 0, 2], [0, 0, 0]]","[[1, 0, 0], [0, 0, 2], [0, 0, 0]]",1,[],9dc31b63-b2f6-4a8f-b384-1be794b4467e
"[[1, 0, 0], [0, 0, 2], [0, 0, 0]]","[[1, 0, 0], [0, 0, 2], [0, 0, 0]]",2,[],9dc31b63-b2f6-4a8f-b384-1be794b4467e
"[[1, 0, 0], [0, 0, 2], [0, 0, 0]]","[[1, 0, 0], [0, 0, 2], [0, 0, 0]]",1,[],9dc31b63-b2f6-4a8f-b384-1be794b4467e
"[[1, 0, 0], [0, 0, 2], [0, 0, 0]]","[[1, 0, 0], [0, 0, 2], [0, 0, 0]]",2,[],9dc31b63-b2f6-4a8f-b384-1be794b4467e
"[[1, 0, 0], [0, 0, 2], [0, 0, 0]]","[[1, 0, 0], [0, 0, 2], [0, 0, 0]]",1,[],9dc31b63-b2f6-4a8f-b384-1be794b4467e
"[[1, 0, 0], [0, 0, 2], [0, 0, 0]]","[[1, 0, 0], [0, 0, 2], [0, 0, 0]]",2,[],9dc31b63-b2f6-4a8f-b384-1be794b4467e
"[[1, 0, 0], [0, 0, 2], [0, 0, 0]]","[[1, 0, 0], [0, 0, 2], [0, 0, 0]]",1,[],9dc31b63-b2f6-4a8f-b384-1be794b4467e
"[[1, 0, 0], [0, 0, 2], [0, 0, 0]]","[[1, 0, 0], [0, 2, 2], [0, 0, 0]]",2,['nop_command'],9dc31b63-b2f6-4a8f-b384-1be794b4467e
"[[1, 0, 0], [0, 2, 2], [0, 0, 0]]","[[1, 0, 0], [0, 2, 2], [0, 0, 0]]",1,[],9dc31b63-b2f6-4a8f-b384-1be794b4467e
"[[1, 0, 0], [0, 2, 2], [0, 0, 0]]","[[1, 0, 0], [0, 2, 2], [0, 0, 2]]",2,['nop_command'],9dc31b63-b2f6-4a8f-b384-1be794b4467e
"[[1, 0, 0], [0, 2, 2], [0, 0, 2]]","[[1, 0, 0], [0, 2, 2], [0, 0, 2]]",1,[],9dc31b63-b2f6-4a8f-b384-1be794b4467e
"[[1, 0, 0], [0, 2, 2], [0, 0, 2]]","[[1, 0, 0], [0, 2, 2], [0, 0, 2]]",2,[],9dc31b63-b2f6-4a8f-b384-1be794b4467e
"[[1, 0, 0], [0, 2, 2], [0, 0, 2]]","[[1, 0, 0], [0, 2, 2], [0, 0, 2]]",1,[],9dc31b63-b2f6-4a8f-b384-1be794b4467e
"[[1, 0, 0], [0, 2, 2], [0, 0, 2]]","[[1, 0, 0], [0, 2, 2], [0, 0, 2]]",2,[],9dc31b63-b2f6-4a8f-b384-1be794b4467e
"[[1, 0, 0], [0, 2, 2], [0, 0, 2]]","[[1, 0, 0], [0, 2, 2], [0, 0, 2]]",1,[],9dc31b63-b2f6-4a8f-b384-1be794b4467e
"[[1, 0, 0], [0, 2, 2], [0, 0, 2]]","[[1, 0, 0], [0, 2, 2], [0, 0, 2]]",2,[],9dc31b63-b2f6-4a8f-b384-1be794b4467e
"[[1, 0, 0], [0, 2, 2], [0, 0, 2]]","[[1, 0, 0], [0, 2, 2], [0, 0, 2]]",1,[],9dc31b63-b2f6-4a8f-b384-1be794b4467e
"[[1, 0, 0], [0, 2, 2], [0, 0, 2]]","[[1, 0, 0], [0, 2, 2], [0, 0, 2]]",2,[],9dc31b63-b2f6-4a8f-b384-1be794b4467e
"[[1, 0, 0], [0, 2, 2], [0, 0, 2]]","[[1, 0, 0], [0, 2, 2], [0, 0, 2]]",1,[],9dc31b63-b2f6-4a8f-b384-1be794b4467e
"[[1, 0, 0], [0, 2, 2], [0, 0, 2]]","[[1, 0, 0], [0, 2, 2], [0, 0, 2]]",2,[],9dc31b63-b2f6-4a8f-b384-1be794b4467e
"[[1, 0, 0], [0, 2, 2], [0, 0, 2]]","[[1, 0, 0], [0, 2, 2], [0, 0, 2]]",1,[],9dc31b63-b2f6-4a8f-b384-1be794b4467e
"[[1, 0, 0], [0, 2, 2], [0, 0, 2]]","[[1, 0, 0], [0, 2, 2], [0, 0, 2]]",2,[],9dc31b63-b2f6-4a8f-b384-1be794b4467e
"[[1, 0, 0], [0, 2, 2], [0, 0, 2]]","[[1, 0, 0], [0, 2, 2], [0, 0, 2]]",1,[],9dc31b63-b2f6-4a8f-b384-1be794b4467e
"[[1, 0, 0], [0, 2, 2], [0, 0, 2]]","[[1, 0, 0], [0, 2, 2], [0, 0, 2]]",2,[],9dc31b63-b2f6-4a8f-b384-1be794b4467e
"[[1, 0, 0], [0, 2, 2], [0, 0, 2]]","[[1, 0, 0], [0, 2, 2], [0, 0, 2]]",1,[],9dc31b63-b2f6-4a8f-b384-1be794b4467e
"[[1, 0, 0], [0, 2, 2], [0, 0, 2]]","[[1, 0, 0], [0, 2, 2], [0, 0, 2]]",2,[],9dc31b63-b2f6-4a8f-b384-1be794b4467e
"[[1, 0, 0], [0, 2, 2], [0, 0, 2]]","[[1, 0, 0], [0, 2, 2], [0, 0, 2]]",1,[],9dc31b63-b2f6-4a8f-b384-1be794b4467e
"[[1, 0, 0], [0, 2, 2], [0, 0, 2]]","[[1, 0, 0], [0, 2, 2], [2, 0, 2]]",2,['nop_command'],9dc31b63-b2f6-4a8f-b384-1be794b4467e
"[[1, 0, 0], [0, 2, 2], [2, 0, 2]]","[[1, 0, 0], [0, 2, 2], [2, 0, 2]]",1,[],9dc31b63-b2f6-4a8f-b384-1be794b4467e
"[[1, 0, 0], [0, 2, 2], [2, 0, 2]]","[[1, 0, 2], [0, 2, 2], [2, 0, 2]]",2,['kill_daemon_command'],9dc31b63-b2f6-4a8f-b384-1be794b4467e
